"";"longitude";"latitude";"PA";"wc2.1_30s_bio_4";"wc2.1_30s_bio_9";"wc2.1_30s_bio_14"
"1";10,4582;53,225;1;628,358093261719;4,31666660308838;38
"2";10,1248;53,325;1;624,973205566406;4,38333320617676;43
"3";10,5415;53,275;1;625,766662597656;4,18333339691162;40
"4";10,6248;52,875;1;626,906005859375;3,98333334922791;46
"5";10,49;48,84;1;696,071655273438;1,28333342075348;47
"6";9,91;50,26;1;670,160949707031;7,73333358764648;57
"7";13,2484;54,1484;1;635,412658691406;3,36666679382324;36
"8";11,0415;50,0749;1;676,247985839844;3,5;50
"9";10,43;48,76;1;686,981079101562;0,616666674613953;53
"10";10,73;48,61;1;700,301879882812;1,13333332538605;43
"11";11,04;49,72;1;673,160217285156;4,33333349227905;45
"12";11,12;49,97;1;671,169250488281;3;57
"13";6,230694;50,848;1;569,71484375;5,66666650772095;54
"14";8,537235;48,997498;1;657,085388183594;6,08333301544189;58
"15";11,097816;53,091221;1;641,720458984375;4,56666660308838;35
"16";8,625188;49,678948;1;663,729125976562;6,13333320617676;47
"17";8,646675;50,575973;1;656,378967285156;5,36666679382324;38
"18";11,516713;50,87533;1;662,594787597656;1,39999997615814;41
"19";8,033512;51,752159;1;588,866394042969;5,11666679382324;35
"20";12,44981;50,998216;1;686,511108398438;4,66666650772095;34
"21";7,634994;51,628169;1;590,663940429688;5,53333330154419;51
"22";12,748484;50,870534;1;693,53125;3,81666660308838;40
"23";10,946071;49,683629;1;675,720031738281;4,20000028610229;46
"24";11,999388;50,664642;1;669,519836425781;0,699999988079071;40
"25";8,881459;48,168661;1;644,354309082031;-0,550000071525574;71
"26";13,399753;52,14343;1;686,153076171875;4,40000009536743;31
"27";9,669802;47,559153;1;680,984680175781;2,54999995231628;67
"28";13,618978;52,281951;1;694,108337402344;4,44999980926514;32
"29";10,60344;52,625488;1;629,575805664062;4,36666679382324;41
"30";8,210594;53,165647;1;591,401000976562;4,94999980926514;42
"31";13,186604;51,836491;1;707,13720703125;4,80000019073486;32
"32";8,698014;49,228861;1;662,403076171875;6,18333339691162;55
"33";9,26288;48,71456;1;657,627746582031;2,36666655540466;41
"34";7,324717;52,51755;1;581,148803710938;5,33333349227905;45
"35";12,098346;50,393562;1;673,108337402344;3;43
"36";8,54695;50,924382;1;622,451171875;10,8000001907349;63
"37";7,146167;51,938634;1;582,342956542969;5,38333320617676;50
"38";9,342078;52,10784;1;609,818664550781;5,28333330154419;45
"39";9,719118;53,574126;1;610,497009277344;4,61666679382324;42
"40";8,944009;48,793674;1;655,506225585938;2,10000014305115;44
"41";11,262399;50,681905;1;669,441772460938;1,55000007152557;35
"42";13,39509;52,513368;1;695,617614746094;5,14999961853027;36
"43";8,906681;49,138171;1;649,707946777344;5,66666650772095;53
"44";9,180708;48,777127;1;657,226745605469;3;35
"45";6,760262;51,211692;1;590,771179199219;6,48333358764648;51
"46";9,800869;52,31364;1;625,846557617188;5,15000009536743;40
"47";7,688038;51,523818;1;591,979858398438;5,09999990463257;55
"48";10,245289;51,742179;1;630,466430664062;3,76666665077209;48
"49";10,48;48,66;1;695,002746582031;1,13333332538605;46
"50";11,99;48,42;1;706,431884765625;1,20000004768372;46
"51";12,29;47,97;1;703,437866210938;-0,316666692495346;57
"52";10,62;49,37;1;699,884582519531;4,25;52
"53";12,87;47,77;1;671,265625;0,816666722297668;89
"54";12,699634;52,14399;1;688,410949707031;4,36666679382324;35
"55";12,576349;52,136654;1;687,434265136719;4,16666650772095;36
"56";6,37472;51,2249;1;577,276123046875;5,98333358764648;47
"57";6,37472;51,6249;1;570,284851074219;5,75;43
"58";10,49;48,93;1;696,65380859375;1,16666662693024;50
"59";10,98;48,81;1;689,229919433594;0,666666686534882;49
"60";10,56;48,61;1;699,247863769531;1,39999985694885;41
"61";11,79;47,87;1;674,807495117188;1,16666662693024;76
"62";11,12;49,72;1;678,909973144531;4,38333320617676;45
"63";11,46;49,32;1;706,598754882812;3,79999995231628;58
"64";10,62;49,12;1;692,319763183594;1,18333327770233;51
"65";10,62;49,22;1;701,317321777344;1,38333344459534;51
"66";6,915036;52,176736;1;NA;NA;NA
"67";12,87;47,52;1;569,070739746094;-4,61666679382324;84
"68";9,96;47,57;1;668,671813964844;0,183333322405815;104
"69";6,5;50,583332;1;576,30810546875;10,6000003814697;63
"70";11,13;48,14;1;679,810607910156;0,883333325386047;51
"71";12,46;47,92;1;671,130187988281;1,58333337306976;64
"72";12,37;48,07;1;695,763549804688;0,850000023841858;57
"73";11,96;47,92;1;693,852355957031;-0,0166666507720947;60
"74";12,37;47,92;1;701,300170898438;1,03333342075348;62
"75";11,87;47,87;1;685,623352050781;1,38333332538605;69
"76";12,79;47,57;1;597,880065917969;-2,58333349227905;71
"77";9,87;47,62;1;668,652404785156;0,716666579246521;91
"78";6,449167;50,937222;1;570,606201171875;5,16666650772095;54
"79";10,97;48,88;1;683,323547363281;0,566666662693024;51
"80";10,57;48,69;1;694,592224121094;0,949999928474426;47
"81";11,96;47,82;1;697,650146484375;0,0166666898876429;65
"82";12,21;48,07;1;702,816833496094;-0,16666667163372;52
"83";12,04;47,97;1;700,061706542969;-0,0666666030883789;54
"84";11,12;49,82;1;672,9248046875;3,54999995231628;53
"85";9,79;47,62;1;683,749145507812;1,58333349227905;74
"86";11,87;50,32;1;681,206604003906;2,46666669845581;55
"87";11,79;50,32;1;674,332458496094;1,98333323001862;61
"88";12,71;48,07;1;700,163818359375;1,04999995231628;63
"89";12,12;47,87;1;709,924255371094;0,0833333358168602;53
"90";12,62;48,07;1;705,936950683594;1,01666665077209;60
"91";12,04;47,82;1;704,032104492188;-0,0333333015441895;60
"92";10,28;50,18;1;670,188110351562;4,11666679382324;42
"93";8,595618;49,741096;1;666,703063964844;3,61666655540466;42
"94";11,81;50,16;1;673,452209472656;2,28333330154419;58
"95";11,87;48,92;1;721,089660644531;4,25;41
"96";11,54;48,62;1;715,101196289062;0,950000047683716;44
"97";11,96;48,12;1;680,971374511719;-0,0333333425223827;54
"98";11,62;48,62;1;720,746154785156;0,949999988079071;43
"99";11,71;48,67;1;715,517822265625;0,916666686534882;44
"100";11,96;48,17;1;696,964599609375;-0,0999999418854713;51
"101";11,87;48,17;1;693,772094726562;0;51
"102";10,71;49,72;1;682,753295898438;4,06666660308838;48
"103";10,4582;53,325;1;626,851806640625;4,41666650772095;37
"104";10,2915;53,125;1;624,536193847656;3,96666669845581;48
"105";10,9582;53,225;1;631,3818359375;4,44999980926514;38
"106";10,2082;53,225;1;625,290710449219;4,44999980926514;41
"107";6,45805;51,4749;1;578,695434570312;6,03333330154419;46
"108";6,54139;51,5249;1;582,540832519531;6,23333358764648;45
"109";6,87473;51,3249;1;583,151733398438;6,06666660308838;57
"110";7,12474;51,1749;1;586,727600097656;5,11666679382324;76
"111";7,0414;51,3749;1;581,819702148438;5,73333311080933;64
"112";6,7914;51,5749;1;582,646118164062;6,23333311080933;52
"113";6,7914;51,6249;1;575,675476074219;5,94999980926514;51
"114";7,20807;51,3249;1;577,986328125;8,31666660308838;74
"115";6,87474;51,5749;1;582,593933105469;6,06666660308838;54
"116";12,06;49,99;1;682,285034179688;2,41666674613953;46
"117";10,13;49,49;1;667,084777832031;1,61666667461395;46
"118";10,61;48,62;1;698,010559082031;1,39999997615814;41
"119";5,993675;51,079462;1;565,864013671875;5,96666669845581;46
"120";6,313528;50,864582;1;575,376708984375;5,90000009536743;51
"121";6,192111;50,707722;1;564,275329589844;11,5333337783813;63
"122";11,05;48,16;1;678,637756347656;0,800000011920929;50
"123";11,12;48,97;1;674,221618652344;3,01666665077209;56
"124";11,04;48,97;1;680,796508789062;0,533333301544189;52
"125";9,86;50,34;1;666,474670410156;10,75;70
"126";10,54;49,47;1;686,016540527344;4,18333339691162;50
"127";10,37;47,47;1;625,260375976562;-1,75;87
"128";10,168734;49,386604;1;672,638854980469;1,51666665077209;47
"129";8,456586;49,494271;1;678,453552246094;3,88333344459534;40
"130";9,211381;50,431327;1;648,054626464844;3,79999995231628;67
"131";10,957436;49,475316;1;697,28515625;4,40000009536743;44
"132";7,718067;48,000146;1;661,654235839844;3,84999990463257;54
"133";9,636872;53,70343;1;605,306518554688;4,53333330154419;43
"134";9,210978;49,138669;1;657,705505371094;6,09999990463257;48
"135";8,803507;53,090206;1;604,498779296875;4,83333349227905;38
"136";10,012756;47,827775;1;680,24169921875;0,633333325386047;71
"137";7,19472;50,437865;1;607,845825195312;4,26666641235352;54
"138";12,255377;50,659409;1;675,924743652344;0,050000011920929;36
"139";8,862548;54,821152;1;577,49853515625;3,79999995231628;41
"140";9,81843;52,40776;1;628,874633789062;5,15000009536743;40
"141";9,981115;53,284221;1;623,277038574219;4,40000009536743;43
"142";12,844421;54,330197;1;632,748168945312;3,33333349227905;38
"143";11,07957;49,448638;1;714,44775390625;1,96666669845581;40
"144";6,187476;51,63904;1;569,014282226562;5,81666660308838;43
"145";9,65012;53,75019;1;608,871765136719;4,46666669845581;45
"146";9,995998;48,406895;1;701,3994140625;1,41666662693024;43
"147";9,610235;51,288684;1;624,174011230469;4,43333339691162;40
"148";6,403158;51,363483;1;578,533142089844;6,16666650772095;47
"149";9,017921;48,687418;1;654,686340332031;1,73333323001862;44
"150";9,765716;47,909041;1;683,438659667969;0,899999976158142;54
"151";12,84;48,17;1;710,369506835938;-0,0166667308658361;58
"152";11,23;48,19;1;694,793823242188;1,21666669845581;50
"153";10,82;48,92;1;688,419921875;0,899999976158142;45
"154";10,88;48,59;1;693,408752441406;1,23333323001862;44
"155";12,21;47,77;1;693,799926757812;-0,366666674613953;70
"156";7,548112;47,660885;1;650,508422851562;3,29999995231628;48
"157";7,73157;51,781525;1;586,915893554688;5,36666679382324;45
"158";7,742578;51,907635;1;585,566772460938;5,30000019073486;46
"159";10,37;47,67;1;664,606750488281;0,133333310484886;86
"160";10,29;47,72;1;664,011413574219;0,483333349227905;81
"161";7,063548;52,237646;1;573,134643554688;5,28333330154419;46
"162";8,358278;49,356216;1;669,336486816406;3,33333325386047;45
"163";7,29141;51,6749;1;579,679931640625;5,48333311080933;55
"164";8,20811;51,0249;1;607,472839355469;9,51666641235352;80
"165";8,95813;51,7249;1;598,167053222656;3,70000004768372;68
"166";6,29139;50,6749;1;566,177185058594;10;70
"167";10,84;48,82;1;694,136047363281;0,716666698455811;46
"168";10,12;47,77;1;646,209655761719;0,0499999932944775;92
"169";10,21;47,77;1;652,479370117188;-0,0666666626930237;88
"170";10,29;47,52;1;668,558349609375;0,300000041723251;106
"171";10,51;48,48;1;688,495849609375;1,06666660308838;46
"172";10,37;47,77;1;661,820251464844;0,249999955296516;76
"173";8,989891;51,36348;1;613,051696777344;3,51666665077209;53
"174";11,04;49,52;1;699,694213867188;4,44999980926514;42
"175";11,12;49,52;1;681,581848144531;4,04999971389771;43
"176";11,12;49,47;1;703,651184082031;1,76666665077209;41
"177";12,4;49,27;1;708,017272949219;3,5;42
"178";11,8;48,92;1;710,432434082031;3,90000009536743;45
"179";11,85;49,76;1;696,094482421875;3,28333330154419;45
"180";12,29;48,92;1;729,115661621094;1,01666665077209;38
"181";12,46;48,22;1;703,088989257812;-0,283333241939545;49
"182";12,62;48,27;1;716,563781738281;-0,316666632890701;49
"183";12,37;48,37;1;707,724670410156;0,783333361148834;48
"184";12,04;48,57;1;708,447387695312;0,98333340883255;45
"185";11,87;48,62;1;710,128051757812;-0,616666615009308;45
"186";10,37;48,07;1;671,436157226562;0,599999964237213;57
"187";10,29;47,82;1;667,095153808594;0,349999964237213;71
"188";10,21;47,92;1;678,030090332031;0,683333337306976;55
"189";11,12;47,42;1;588,491271972656;-3,90000009536743;67
"190";11,87;49,97;1;672,544189453125;6,01666641235352;65
"191";10,12;47,97;1;682,143432617188;0,866666674613953;47
"192";11,12;47,52;1;663,627990722656;-0,816666662693024;71
"193";12,12;48,72;1;716,691711425781;0,949999928474426;42
"194";12,79;48,22;1;708,509399414062;1,20000004768372;53
"195";12,29;48,67;1;715,3388671875;0,899999976158142;43
"196";12,04;48,67;1;712,618286132812;0,783333301544189;45
"197";11,79;48,77;1;723,499877929688;4,15000009536743;42
"198";9,54;50,17;1;654,714111328125;11,25;63
"199";10,12;47,87;1;675,141296386719;0,566666662693024;63
"200";12,37;48,62;1;722,064086914062;1,03333342075348;42
"201";11,79;48,57;1;705,688293457031;0,716666698455811;44
"202";12,12;48,52;1;714,287109375;1,18333327770233;47
"203";11,54;48,27;1;684,068176269531;1,39999997615814;44
"204";12,54;48,22;1;713,023193359375;-0,300000011920929;50
"205";12,54;48,27;1;714,811889648438;0,950000047683716;48
"206";11,96;48,72;1;713,359008789062;3,84999990463257;43
"207";11,87;48,67;1;713,544677734375;-0,516666650772095;43
"208";12,29;48,37;1;707,840698242188;0,899999976158142;49
"209";9,62;50,17;1;656,738220214844;8,23333358764648;53
"210";10,3748;53,225;1;628,971496582031;4,38333320617676;38
"211";11,2487;53,2485;1;641,323669433594;4,48333358764648;36
"212";10,51;49,01;1;695,333312988281;1,06666672229767;51
"213";11,93;49,42;1;734,428771972656;3,93333339691162;46
"214";10,61;48,49;1;691,693664550781;1,18333339691162;45
"215";11,37;48,67;1;719,087585449219;1,01666676998138;41
"216";9,23;49,58;1;658,417541503906;15,5;62
"217";9,18;49,58;1;655,141662597656;15,5;64
"218";12,22;49,51;1;703,230651855469;3,38333320617676;41
"219";10,343628;51,813843;1;627,081970214844;9,44999980926514;84
"220";8,388774;50,937284;1;621,338195800781;10,6500005722046;68
"221";6,431268;51,358786;1;582,203735351562;6,25;47
"222";6,551856;50,549924;1;582,75732421875;11,0499992370605;59
"223";9,804854;53,641668;1;609,299621582031;4,61666679382324;43
"224";9,513853;54,573389;1;589,751342773438;3,61666679382324;49
"225";8,475782;50,05681;1;670,912963867188;3,43333339691162;37
"226";6,759182;50,823141;1;591,494018554688;4,03333330154419;42
"227";7,294555;50,792158;1;591,226928710938;5,30000019073486;61
"228";6,857413;50,856759;1;586,070617675781;6,13333320617676;44
"229";9,971214;52,386763;1;628,012756347656;4,96666669845581;41
"230";10,630131;51,585899;1;638,424926757812;3,39999985694885;48
"231";6,279193;51,325743;1;575,880065917969;5,98333358764648;46
"232";8,274606;49,990259;1;668,718078613281;3,59999990463257;37
"233";6,994296;49,225644;1;630,492065429688;5,65000009536743;57
"234";6,452718;50,891039;1;577,775268554688;6,08333301544189;49
"235";8,813503;53,08904;1;605,386657714844;4,83333349227905;38
"236";12,001914;51,498381;1;675,723510742188;2,26666665077209;28
"237";12,908543;50,836568;1;711,577453613281;4,34999990463257;38
"238";12,477457;51,65348;1;678,88720703125;4,48333311080933;33
"239";10,528717;51,710018;1;624,633850097656;8,93333339691162;80
"240";12,242925;51,841727;1;677,492065429688;4,73333358764648;32
"241";10,711302;53,869513;1;619,554321289062;4,08333349227905;37
"242";8,858751;49,924375;1;656,11962890625;5,63333320617676;52
"243";14,560609;51,404971;1;691,449279785156;4,48333311080933;39
"244";12,96;48,82;1;715,241516113281;3,84999990463257;56
"245";13,396966;52,523254;1;695,485412597656;5,19999980926514;36
"246";10,37;49,87;1;679,200744628906;1,73333334922791;42
"247";11,37;48,77;1;721,070861816406;1,08333325386047;44
"248";11,37;48,82;1;712,39501953125;0,949999928474426;46
"249";11,29;49,42;1;690,08056640625;3,84999990463257;52
"250";11,46;49,22;1;709,892639160156;3,84999990463257;55
"251";9,88;50,18;1;667,475280761719;4,16666650772095;52
"252";12,12;47,77;1;710,031494140625;0,0166666507720947;62
"253";12,29;47,67;1;NA;NA;NA
"254";13,932724;51,376923;1;681,134826660156;4,55000019073486;36
"255";13,597809;51,414021;1;696,022644042969;4,66666650772095;32
"256";10,29;49,97;1;673,323974609375;4,68333339691162;37
"257";11,37;49,42;1;686,921081542969;3,13333344459534;66
"258";11,21;48,07;1;676,704772949219;1,14999997615814;51
"259";11,37;48,07;1;668,251892089844;1,30000007152557;51
"260";11,46;49,42;1;693,716369628906;3,04999995231628;67
"261";13,12;48,52;1;716,415771484375;3,75;54
"262";9,11;49,65;1;650,408386230469;11,8166666030884;61
"263";9,09;49,68;1;648,633178710938;15,3833332061768;67
"264";9,09;49,61;1;649,76220703125;15,3666667938232;67
"265";12,04;47,72;1;611,013000488281;-1,13333332538605;72
"266";12,12;47,62;1;686,797973632812;-0,75;71
"267";6,249444;50,759445;1;568,062255859375;8,60000038146973;58
"268";11,46;48,72;1;738,405334472656;1,34999990463257;42
"269";13,04;48,52;1;720,750854492188;0,833333313465118;51
"270";11,46;48,77;1;730,686157226562;1,29999995231628;44
"271";10,12;47,67;1;644,876647949219;0,19999997317791;104
"272";12,21;47,62;1;NA;NA;NA
"273";6,340861;50,924194;1;578,239868164062;6,13333320617676;47
"274";10,944443;53,668442;1;621,436950683594;4,01666641235352;40
"275";11,26;47,77;1;670,120239257812;0,983333230018616;58
"276";12,96;48,27;1;702,632934570312;0,949999928474426;57
"277";10,46;47,67;1;646,418334960938;-0,299999952316284;86
"278";10,37;47,62;1;659,456848144531;-0,266666680574417;94
"279";11,46;48,82;1;706,931457519531;0,949999988079071;47
"280";12,87;48,52;1;716,615600585938;0,699999988079071;50
"281";12,96;48,57;1;716,54736328125;3,80000019073486;51
"282";12,29;48,17;1;698,224487304688;-0,283333331346512;52
"283";12,12;47,67;1;659,014831542969;-0,666666686534882;71
"284";11,21;49,92;1;675,173400878906;3,16666674613953;55
"285";11,54;48,77;1;728,694763183594;1,29999995231628;43
"286";11,54;48,72;1;743,781677246094;1,38333320617676;42
"287";13,04;48,27;1;714,742370605469;1,29999995231628;54
"288";12,87;48,37;1;713,106079101562;0,866666734218597;52
"289";11,62;48,72;1;732,602233886719;1,28333342075348;42
"290";9,56;49,79;1;663,231872558594;4,75;49
"291";9,87;49,67;1;669,4248046875;4,71666669845581;47
"292";9,79;49,72;1;671,31640625;4,34999990463257;50
"293";12,31;50,06;1;NA;NA;NA
"294";11,54;47,77;1;679,532348632812;1,21666657924652;63
"295";12,12;49,02;1;741,308227539062;4,43333339691162;38
"296";13,37;48,72;1;716,374877929688;3,13333320617676;59
"297";9,46;50,07;1;653,384399414062;8,19999980926514;55
"298";13,37;48,62;1;717,131713867188;3,71666669845581;55
"299";13,29;48,82;1;671,28271484375;1,89999997615814;67
"300";13,12;49,17;1;661,655395507812;1,26666676998138;64
"301";13,62;48,87;1;675,196350097656;5,79999971389771;69
"302";12,04;48,22;1;694,237487792969;1,06666672229767;51
"303";12,96;48,47;1;713,841491699219;0,733333349227905;52
"304";11,37;47,57;1;589,805297851562;0,0999999865889549;68
"305";12,87;49,27;1;694,436096191406;2,51666665077209;49
"306";13,29;48,77;1;710,70654296875;3,28333330154419;56
"307";11,87;48,02;1;682,130676269531;0;61
"308";11,87;47,97;1;686,414733886719;0,0333333015441895;62
"309";12,79;49,17;1;696,81201171875;2,56666684150696;52
"310";13,04;48,32;1;699,330810546875;0,73333340883255;58
"311";13,54;48,57;1;719,167602539062;3,76666665077209;59
"312";13,62;48,57;1;706,859619140625;3,25;66
"313";13,71;48,67;1;683,330749511719;1,83333325386047;74
"314";12,87;49,22;1;691,121704101562;2,28333330154419;52
"315";11,54;47,62;1;633,033813476562;-0,216666653752327;66
"316";11,46;47,67;1;607,141052246094;-0,300000041723251;68
"317";11,62;48,27;1;691,343688964844;1,38333320617676;44
"318";13,37;48,77;1;700,902038574219;2,71666669845581;62
"319";12,96;49,22;1;679,4794921875;1,81666684150696;57
"320";9,54;50,12;1;654,254760742188;11,1500005722046;65
"321";13,12;48,32;1;706,992553710938;0,916666686534882;57
"322";13,79;48,62;1;701,9306640625;2,33333325386047;71
"323";12,96;48,22;1;NA;NA;NA
"324";12,71;49,27;1;696,233764648438;3;47
"325";12,68;48,69;1;734,736633300781;0,816666603088379;47
"326";11,2;47,94;1;660,578247070312;0,866666674613953;54
"327";11,1249;53,125;1;641,38818359375;4,63333320617676;35
"328";11,0415;53,175;1;634,816101074219;4,51666641235352;37
"329";10,76;48,64;1;699,384338378906;1,19999992847443;42
"330";9,88;50,11;1;669,633972167969;4,84999990463257;43
"331";6,09619;51,249673;1;565,596374511719;5,78333330154419;45
"332";10,98;47,69;1;664,986206054688;-0,900000035762787;61
"333";12,87;47,87;1;705,898742675781;-0,299999952316284;87
"334";11,21;48,37;1;687,277648925781;0,833333373069763;48
"335";11,46;48,37;1;691,0185546875;0,866666674613953;45
"336";9,91;50,16;1;668,604797363281;4,78333330154419;44
"337";10,12;49,77;1;672,713134765625;4,93333339691162;41
"338";13,448334;48,574165;1;728,095275878906;4,13333320617676;56
"339";9,007348;49,47833;1;632,164855957031;16,283332824707;61
"340";9,541249;47,59036;1;673,516723632812;2,70000004768372;59
"341";12,364639;50,932428;1;680,415405273438;0,416666656732559;36
"342";8,10593;50,040494;1;643,054992675781;3,25;37
"343";7,464293;51,770554;1;589,358093261719;5,55000019073486;51
"344";6,612438;51,657059;1;580,919494628906;6,08333349227905;45
"345";11,744385;50,84237;1;660,641357421875;0,816666722297668;34
"346";9,852247;54,261314;1;593,148254394531;3,84999990463257;48
"347";8,453722;50,392871;1;639,269226074219;4,36666679382324;52
"348";13,486364;54,350162;1;622,715698242188;1,21666669845581;32
"349";13,201767;52,625216;1;683,644836425781;4,61666679382324;32
"350";13,5816;54,3484;1;NA;NA;NA
"351";11,07;48,12;1;674,996520996094;0,766666650772095;51
"352";11,37;48,27;1;682,453674316406;1,09999990463257;48
"353";10,96;48,57;1;689,184326171875;0,966666698455811;46
"354";11,21;49,87;1;669,252746582031;3,10000014305115;57
"355";12,37;47,82;1;704,316101074219;1,18333327770233;67
"356";10,21;50,02;1;675,689758300781;4,84999990463257;36
"357";11,21;48,77;1;701,655395507812;0,816666662693024;47
"358";13,12;48,92;1;689,729309082031;2,10000014305115;61
"359";12,71;47,87;1;695,171142578125;0,74999988079071;81
"360";13,12;49,02;1;676,804382324219;1,63333320617676;63
"361";10,12;47,37;1;NA;NA;NA
"362";10,21;47,42;1;624,741577148438;-1,05000007152557;94
"363";9,003182;48,704297;1;654,759216308594;1,95000004768372;43
"364";7,698901;52,024437;1;586,786804199219;5,43333339691162;46
"365";7,640664;51,934589;1;598,002197265625;5,56666660308838;48
"366";7,669782;51,880684;1;585,088684082031;5,40000009536743;47
"367";12,08;49,22;1;714,849365234375;3,85000014305115;40
"368";11,69;48,76;1;730,33447265625;1,25;42
"369";10,7;48,69;1;694,35205078125;1,23333334922791;43
"370";11,54;48,37;1;687,956298828125;0,899999976158142;44
"371";11,46;48,27;1;686,507385253906;1,30000007152557;46
"372";11,37;48,22;1;684,199768066406;1,30000007152557;47
"373";6,89493;52,446666;1;560,354797363281;5,01666688919067;46
"374";10,04;47,47;1;635,901123046875;-0,816666662693024;103
"375";9,069206;49,907956;1;659,537841796875;5,19999980926514;54
"376";10,51;48,76;1;687,099792480469;0,683333277702332;52
"377";11,37;49,62;1;679,181091308594;3,18333339691162;64
"378";11,12;48,52;1;697,837036132812;0,883333384990692;45
"379";12,54;49,02;1;693,65087890625;2,59999990463257;55
"380";10,29;47,37;1;621,912231445312;-1,43333327770233;85
"381";11,06;48;1;667,347045898438;0,933333396911621;51
"382";11,21;48,42;1;690,606872558594;0,833333432674408;47
"383";12,46;49,02;1;704,7431640625;3,16666674613953;48
"384";11,04;48,42;1;685,505798339844;0,933333337306976;47
"385";11,12;48,42;1;688,002563476562;0,833333373069763;48
"386";11,21;48,87;1;691,113525390625;3,51666665077209;53
"387";13,21;48,72;1;719,271911621094;3,46666669845581;54
"388";11,46;49,62;1;684,130004882812;3,25;65
"389";12,62;49,07;1;714,503967285156;3,36666655540466;47
"390";10,04;47,52;1;652,673278808594;-0,316666603088379;109
"391";6,205944;50,753277;1;569,492736816406;5,36666679382324;59
"392";13,12;48,82;1;707,760437011719;3,25;57
"393";11,04;48,37;1;689,500671386719;1,04999995231628;47
"394";11,04;48,27;1;682,799926757812;0,899999976158142;49
"395";10,79;49,77;1;680,736450195312;4,06666660308838;46
"396";13,04;48,87;1;670,748718261719;1,84999990463257;66
"397";10,96;48,22;1;682,203430175781;0,933333277702332;48
"398";11,35;49,31;1;697,896179199219;3,63333344459534;57
"399";10,74;48,92;1;689,606140136719;0,716666698455811;49
"400";12,71;49,02;1;711,711547851562;3,08333325386047;52
"401";10,34;48,68;1;687,40771484375;0,73333328962326;51
"402";11,64;50,04;1;686,179992675781;3,53333330154419;47
"403";11,56;50,06;1;678,009582519531;3,28333330154419;51
"404";11,56;50,01;1;681,983947753906;3,66666650772095;47
"405";11,73;50,01;1;665,283447265625;5,78333330154419;71
"406";11,73;50,06;1;673,983520507812;2,41666650772095;59
"407";11,54;47,72;1;664,748779296875;-0,0833333358168602;65
"408";10,96;49,62;1;677,352661132812;4,29999971389771;46
"409";9,46;49,87;1;654,254760742188;15,1499996185303;65
"410";11,29;47,82;1;670,516540527344;1,33333325386047;55
"411";10,96;47,77;1;661,906555175781;-0,566666662693024;58
"412";9,37;50,07;1;654,092468261719;11;70
"413";11,37;47,77;1;684,098999023438;1,16666674613953;57
"414";9,37;49,87;1;649,853576660156;11,4333333969116;63
"415";11,46;47,87;1;678,361450195312;1,29999995231628;57
"416";11,37;47,92;1;664,816589355469;1,13333344459534;54
"417";11,37;47,87;1;657,130310058594;1,11666667461395;55
"418";11,96;50,32;1;681,690612792969;2,56666684150696;49
"419";9,37;49,77;1;655,800903320312;8,51666641235352;54
"420";12,12;49,17;1;712,230285644531;3,73333334922791;41
"421";12,96;48,92;1;686,679931640625;2,40000009536743;62
"422";9,54;49,97;1;657,675415039062;8,16666698455811;58
"423";9,71;50,02;1;661,303833007812;4,81666660308838;45
"424";11,54;47,82;1;679,77880859375;1,24999988079071;62
"425";11,96;49,22;1;712,626770019531;3,63333320617676;44
"426";12,04;50,17;1;670,954040527344;2,09999990463257;50
"427";12,29;49,22;1;712,34716796875;3,73333334922791;39
"428";10,87;49,47;1;695,625427246094;4,30000019073486;45
"429";11,21;47,97;1;659,174194335938;0,866666674613953;54
"430";12,21;49,32;1;706,79638671875;3,51666665077209;41
"431";12,04;49,27;1;706,601989746094;3,36666655540466;44
"432";10,87;49,62;1;679,750854492188;4,19999980926514;46
"433";11,37;47,72;1;694,472778320312;-0,316666632890701;58
"434";9,29;49,77;1;659,61767578125;15,7666664123535;64
"435";9,29;49,87;1;653,495239257812;8,48333358764648;57
"436";10,79;49,37;1;696,642761230469;1,53333342075348;46
"437";13,29;48,92;1;671,3515625;1,79999995231628;65
"438";12,04;50,32;1;676,943176269531;2,31666660308838;49
"439";10,96;47,87;1;664,256652832031;0,5;55
"440";12,04;49,32;1;710,42919921875;3,58333325386047;41
"441";12,29;49,27;1;708,08642578125;3,56666660308838;41
"442";11,04;47,82;1;661,27099609375;-0,466666698455811;56
"443";13,04;48,97;1;680,745300292969;1,81666660308838;61
"444";9,62;50,02;1;654,394226074219;4,91666650772095;47
"445";12,12;49,27;1;713,335510253906;3,81666660308838;39
"446";11,29;47,67;1;670,170715332031;-0,266666561365128;61
"447";11,96;50,22;1;675,316284179688;2,51666665077209;49
"448";11,46;47,92;1;671,765380859375;1,21666669845581;56
"449";10,59;49,02;1;691,219299316406;1,18333339691162;49
"450";10,61;49,01;1;693,308898925781;1,33333325386047;47
"451";10,48;48,56;1;696,911987304688;1,43333327770233;41
"452";11,12;48,07;1;675,861267089844;1,40000009536743;50
"453";10,94;48,71;1;692,418212890625;1,23333334922791;43
"454";11,08;47,74;1;667,680725097656;0,666666746139526;59
"455";10,89;48,18;1;676,581726074219;0,866666734218597;49
"456";9,96;49,72;1;673,59228515625;5;44
"457";9,8;50,32;1;665,894226074219;11,5999994277954;58
"458";7,808148;50,050081;1;625,635437011719;5,16666650772095;40
"459";7,21181;51,482901;1;592,618713378906;5,81666660308838;64
"460";7,17446;51,266282;1;585,007141113281;8,81666660308838;76
"461";12,012738;50,420842;1;673,236633300781;3,01666665077209;43
"462";9,181289;47,657466;1;NA;NA;NA
"463";6,76224;51,436962;1;601,031127929688;6,71666669845581;50
"464";7,863543;47,991311;1;653,450073242188;3,65000009536743;55
"465";10,381328;51,053169;1;646,61865234375;3,96666669845581;43
"466";10,6785;53,700987;1;618,07421875;3,91666674613953;44
"467";7,175179;51,724987;1;576,048461914062;5,68333339691162;54
"468";11,763116;54,146318;1;NA;NA;NA
"469";9,081439;49,450765;1;651,975463867188;15,6499996185303;66
"470";14,779929;50,882708;1;689,908874511719;3,79999995231628;38
"471";6,962419;50,923937;1;591,352294921875;6,65000009536743;48
"472";13,285471;52,811815;1;679,632263183594;4,11666679382324;32
"473";10,860628;51,023099;1;661,005187988281;0,883333325386047;36
"474";11,72438;51,277218;1;659,364196777344;1,86666655540466;32
"475";14,2083;50,875;1;692,482788085938;3,66666674613953;36
"476";11,37;50,42;1;677,178161621094;2,03333330154419;68
"477";9,87;49,77;1;671,133544921875;4,63333320617676;48
"478";7,53875;51,961544;1;585,452392578125;5,31666660308838;48
"479";7,771697;51,934589;1;584,490661621094;5,31666660308838;45
"480";7,480513;51,943577;1;581,606140136719;5,30000019073486;49
"481";7,361148;52,001743;1;582,016296386719;5,15000009536743;48
"482";7,596986;52,060375;1;585,625122070312;5,34999990463257;46
"483";6,020278;50,78339;1;565,541259765625;5,23333358764648;62
"484";13,9149;53,8485;1;NA;NA;NA
"485";13,9149;53,7485;1;658,422729492188;3,66666650772095;29
"486";14,0816;53,7485;1;669,991394042969;3,73333334922791;28
"487";14,2482;53,7485;1;NA;NA;NA
"488";11,9152;53,6485;1;654,031066894531;4,09999990463257;35
"489";8,29145;50,7749;1;626,463745117188;4,41666650772095;55
"490";7,62475;52,3249;1;590,39453125;5,38333320617676;44
"491";10,55;48,84;1;700,296875;1,36666667461395;45
"492";12,12;49,62;1;692,421508789062;3,29999995231628;41
"493";10,87;48,42;1;696,396545410156;1,30000007152557;46
"494";7,067621;52,345461;1;566,157287597656;5,19999980926514;47
"495";7,60484;47,60306;1;662,807373046875;3,78333330154419;46
"496";10,12;47,42;1;616,682861328125;-1,91666662693024;95
"497";11,37;48,37;1;692,034118652344;0,883333206176758;46
"498";11,46;48,42;1;691,198974609375;0,76666659116745;45
"499";11,37;48,42;1;690,639099121094;0,716666698455811;46
"500";11,46;50,47;1;671,825317382812;1,65000009536743;72
"501";12,54;48,72;1;723,231384277344;0,533333361148834;45
"502";12,87;47,97;1;710,850463867188;-0,0666667222976685;70
"503";10,79;48,32;1;671,292724609375;0,899999976158142;50
"504";10,13;50,22;1;668,106079101562;4,44999980926514;44
"505";10,12;47,52;1;623,75634765625;-1,16666662693024;101
"506";5,935527;50,989862;1;570,808166503906;5,94999980926514;48
"507";8,955145;50,776665;1;642,4892578125;4,58333349227905;42
"508";7,083162;50,755795;1;604,64990234375;6,36666679382324;42
"509";12,71;47,97;1;701,448059082031;1,03333330154419;72
"510";11,29;48,27;1;687,117919921875;1,08333337306976;49
"511";11,29;50,22;1;684,477661132812;3,33333349227905;53
"512";10,96;48,27;1;683,112731933594;1,04999995231628;48
"513";10,87;48,27;1;685,647766113281;1,04999995231628;48
"514";11,12;48,27;1;688,281799316406;0,966666698455811;48
"515";6,145611;50,871529;1;566,76513671875;5,59999990463257;54
"516";12,79;48,77;1;732,32958984375;3,90000009536743;55
"517";12,79;48,72;1;733,740295410156;4,11666679382324;52
"518";11,46;48,22;1;684,083679199219;1,49999988079071;47
"519";10,96;48,47;1;687,016357421875;1,11666667461395;46
"520";12,87;48,97;1;646,550720214844;1,05000007152557;74
"521";11,12;49,37;1;699,119018554688;1,46666669845581;43
"522";11,29;49,52;1;690,712585449219;4,11666679382324;51
"523";12,79;48,87;1;728,765563964844;3,81666660308838;52
"524";12,46;47,82;1;703,058654785156;1,18333339691162;70
"525";10,87;48,37;1;698,223266601562;1,43333339691162;47
"526";10,96;48,32;1;686,749450683594;1,18333327770233;47
"527";11,21;48,67;1;710,286315917969;0,933333277702332;40
"528";11,21;48,62;1;706,255981445312;0,899999976158142;41
"529";11,94;49,79;1;690,656799316406;3;45
"530";12,35;50,01;1;681,916137695312;2,45000004768372;38
"531";11,87;49,37;1;721,510375976562;3,58333325386047;49
"532";9,96;49,57;1;664,359313964844;4,61666679382324;47
"533";10,29;48,57;1;692,569213867188;1,26666665077209;44
"534";11,62;49,37;1;711,052734375;3,38333320617676;62
"535";13,29;48,32;1;717,668151855469;1,16666662693024;55
"536";13,37;48,47;1;728,153015136719;4,09999990463257;55
"537";13,46;48,47;1;NA;NA;NA
"538";10,96;49,22;1;692,03955078125;1,28333330154419;44
"539";10,37;47,87;1;652,373718261719;0,0166666116565466;74
"540";12,96;47,67;1;640,541137695312;-0,183333277702332;73
"541";12,79;47,67;1;685,035278320312;0,716666638851166;85
"542";10,29;49,72;1;673,5302734375;4,06666660308838;50
"543";12,79;48,97;1;709,498718261719;3,06666660308838;55
"544";9,87;49,57;1;666,819091796875;4,51666641235352;50
"545";12,96;47,62;1;682,301696777344;0,616666674613953;78
"546";10,46;47,92;1;660,812622070312;0,316666603088379;68
"547";10,46;47,77;1;656,453430175781;-1,98682155172492e-08;78
"548";10,87;49,72;1;678,867736816406;4,21666669845581;44
"549";11,21;49,77;1;666,562133789062;3,23333334922791;60
"550";10,62;47,82;1;676,397521972656;0,416666716337204;70
"551";11,04;49,32;1;700,604736328125;1,56666660308838;42
"552";10,46;47,87;1;655,706848144531;0,0166667494922876;73
"553";10,54;47,82;1;666,628051757812;0,200000062584877;72
"554";10,54;47,72;1;657,823974609375;0,149999931454659;76
"555";13,29;48,57;1;718,278015136719;3,61666679382324;58
"556";10,87;49,32;1;694,883911132812;1,28333342075348;47
"557";13,12;48,47;1;708,40234375;3,61666679382324;56
"558";10,62;47,77;1;675,79736328125;0,333333343267441;71
"559";11,04;49,27;1;699,868469238281;1,33333325386047;44
"560";12,12;50,02;1;685,569885253906;2,68333339691162;42
"561";11,71;49,42;1;706,376281738281;3,14999985694885;59
"562";12,29;48,77;1;721,848815917969;0,950000107288361;40
"563";10,54;47,92;1;663,01806640625;0,399999976158142;68
"564";10,96;49,27;1;696,817443847656;1,36666667461395;42
"565";10,87;49,77;1;676,596862792969;4,13333320617676;44
"566";10,37;48,52;1;691,767639160156;1,39999997615814;43
"567";10,87;49,27;1;693,636657714844;1,31666672229767;46
"568";12,54;47,77;1;638,233825683594;-0,200000032782555;72
"569";11,04;49,77;1;676,865539550781;4,46666669845581;42
"570";11,04;49,22;1;697,33203125;1,28333330154419;43
"571";11,96;49,32;1;719,935180664062;3,66666674613953;43
"572";9,29;50,07;1;656,140441894531;11,4166669845581;66
"573";10,96;49,77;1;672,344360351562;4,04999971389771;46
"574";11,62;49,42;1;698,15771484375;2,96666669845581;62
"575";13,21;48,47;1;710,854553222656;3,68333339691162;57
"576";12,79;47,77;1;668,047119140625;0,150000050663948;77
"577";10,62;47,92;1;671,378601074219;0,683333337306976;65
"578";10,37;47,92;1;659,694580078125;0,283333301544189;67
"579";12,62;47,77;1;625,725524902344;-0,35000005364418;73
"580";10,96;49,32;1;694,744873046875;1,41666662693024;43
"581";12,21;50,07;1;683,546325683594;2,88333344459534;37
"582";12,37;48,77;1;722,759826660156;0,783333241939545;41
"583";10,12;49,52;1;665,256286621094;1,71666669845581;45
"584";13,04;47,67;1;697,724670410156;1,03333330154419;75
"585";10,29;48,67;1;686,142028808594;0,733333349227905;52
"586";11,87;49,27;1;717,341979980469;3,61666655540466;47
"587";11,79;49,32;1;719,050842285156;3,65000009536743;51
"588";11,96;49,27;1;716,176208496094;3,65000009536743;43
"589";10,71;47,82;1;666,492980957031;0,299999982118607;65
"590";13,04;48,42;1;712,004211425781;3,78333330154419;54
"591";12,41;48,64;1;725,414733886719;0,983333349227905;42
"592";12,37;48,63;1;723,050537109375;1;42
"593";10,01;50,12;1;670,119140625;4,31666660308838;50
"594";9,95;50,08;1;670,886291503906;4,33333349227905;49
"595";6,019008;50,845612;1;NA;NA;NA
"596";11,12;47,77;1;687,815490722656;0,916666686534882;57
"597";10,89;48,66;1;694,042297363281;1,19999992847443;43
"598";9,96;49,77;1;678,153686523438;5,25;43
"599";9,86;50,27;1;674,009216308594;7,79999971389771;57
"600";5,907855;51,061901;1;NA;NA;NA
"601";10,46;47,62;1;658,425598144531;-0,183333322405815;86
"602";7,52419;51,907635;1;584,633239746094;5,38333320617676;49
"603";6,023889;50,944168;1;573,776672363281;6;50
"604";6,631167;50,60939;1;588,23486328125;4,68333339691162;55
"605";12,17;49,64;1;696,38720703125;3,41666674613953;39
"606";13,7483;54,0485;1;647,493286132812;3,5;35
"607";13,9149;53,9485;1;NA;NA;NA
"608";13,7483;53,8485;1;655,032958984375;3,71666669845581;33
"609";10,61;48,83;1;698,511413574219;1,33333337306976;44
"610";10,65;48,78;1;693,202270507812;0,75;50
"611";9,96;49,82;1;675,9453125;5,23333358764648;40
"612";9,87;49,82;1;670,84228515625;5,33333349227905;40
"613";11,46;50,52;1;670,348754882812;2,36666655540466;62
"614";11,37;50,52;1;670,715759277344;2,23333334922791;65
"615";9,8;50,15;1;664,992614746094;4,30000019073486;50
"616";10,34;50,26;1;673,695556640625;3,96666669845581;43
"617";11,04;47,67;1;652,371398925781;-0,716666698455811;62
"618";6,110654;51,258573;1;568,239440917969;5,90000009536743;45
"619";10,04;49,77;1;675,035766601562;4,75;45
"620";10,71;47,57;1;671,994445800781;-0,683333337306976;65
"621";10,54;47,62;1;654,981323242188;-1,11666667461395;80
"622";10,87;47,67;1;662,514038085938;-0,933333337306976;61
"623";11,62;47,67;1;629,3291015625;-0,399999976158142;68
"624";11,37;50,22;1;687,159301757812;3,43333315849304;50
"625";10,32;50,17;1;674,275146484375;3,81666684150696;46
"626";5,975845;50,800895;1;NA;NA;NA
"627";12,7484;54,2484;1;634,256286621094;3,35000014305115;36
"628";11,46;48,92;1;693,300598144531;3,41666674613953;53
"629";10,12;48,42;1;690,490051269531;1,26666665077209;43
"630";10,12;48,32;1;692,149047851562;1,11666655540466;42
"631";10,04;48,42;1;700,293640136719;1,39999997615814;44
"632";10,04;48,32;1;692,138732910156;1,16666662693024;42
"633";10,04;48,22;1;682,844970703125;0,816666662693024;43
"634";10,21;48,37;1;689,117797851562;1,03333342075348;43
"635";10,21;48,27;1;689,724792480469;0,950000107288361;43
"636";10,04;48,27;1;686,916137695312;0,899999976158142;43
"637";10,12;48,27;1;691,0810546875;0,933333396911621;43
"638";10,21;48,12;1;686,802551269531;0,98333328962326;44
"639";10,21;48,17;1;678,220031738281;0,783333301544189;46
"640";10,12;48,22;1;689,958801269531;0,99999988079071;42
"641";10,37;49,67;1;668,608215332031;1,50000011920929;45
"642";10,37;49,62;1;669,420837402344;1,53333330154419;46
"643";10,46;49,67;1;681,659484863281;4,21666669845581;46
"644";10,46;49,62;1;680,315795898438;1,56666660308838;45
"645";10,62;49,67;1;681,642822265625;4,01666688919067;50
"646";10,54;49,67;1;680,169860839844;4,09999990463257;48
"647";10,54;49,62;1;683,688049316406;4,34999990463257;46
"648";10,71;49,42;1;694,75146484375;4,25;49
"649";10,62;49,47;1;688,417541503906;4,25;49
"650";10,29;49,47;1;673,344604492188;1,51666665077209;46
"651";10,46;49,47;1;688,2998046875;4,25;50
"652";10,37;49,42;1;686,521057128906;3,75;56
"653";10,62;49,57;1;690,824462890625;4,31666660308838;48
"654";10,71;49,57;1;687,845275878906;4,15000009536743;49
"655";11,87;49,07;1;720,694091796875;3,83333325386047;44
"656";12,96;49,07;1;698,06005859375;2,5;57
"657";11,37;48,92;1;697,170715332031;3,83333325386047;50
"658";13,29;49,07;1;651,042724609375;1,11666667461395;70
"659";11,96;49,07;1;717,154907226562;3,95000004768372;41
"660";13,37;49,02;1;642,98828125;4,93333339691162;73
"661";12,29;49,07;1;708,947143554688;3,55000019073486;42
"662";11,87;49,87;1;693,206787109375;2,89999985694885;48
"663";11,87;50,37;1;676,716125488281;2,56666660308838;50
"664";12,12;49,77;1;690,34521484375;2,79999995231628;44
"665";12,04;49,77;1;683,086120605469;2,59999990463257;46
"666";12,04;50,02;1;677,3515625;2,16666674613953;51
"667";11,96;49,72;1;690,843811035156;3,08333325386047;43
"668";11,12;50,32;1;688,025695800781;3,75;45
"669";11,04;50,32;1;678,659973144531;3,38333320617676;53
"670";11,04;50,22;1;680,268859863281;3,84999990463257;46
"671";11,54;50,42;1;663,731994628906;5,55000019073486;72
"672";12,46;50,02;1;NA;NA;NA
"673";12,04;49,87;1;671,967407226562;1,95000004768372;55
"674";12,29;49,92;1;687,510192871094;2,51666665077209;40
"675";11,62;50,37;1;672,349426269531;1,80000007152557;67
"676";10,96;50,17;1;680,966735839844;4;44
"677";11,71;50,17;1;667,973388671875;6;65
"678";11,62;50,42;1;665,088317871094;1,89999997615814;65
"679";11,29;50,42;1;673,851989746094;5,98333358764648;69
"680";11,96;49,92;1;683,076293945312;2,36666655540466;52
"681";12,54;49,62;1;NA;NA;NA
"682";11,87;49,67;1;699,106018066406;3,20000004768372;47
"683";11,12;50,22;1;682,233825683594;3,91666674613953;44
"684";11,96;50,07;1;674,371154785156;2,08333325386047;55
"685";12,37;49,77;1;670,315795898438;1,73333334922791;51
"686";12,46;49,72;1;NA;NA;NA
"687";11,96;49,82;1;685,805603027344;2,56666660308838;49
"688";11,79;50,42;1;671,556335449219;2,75;49
"689";11,79;49,62;1;703,496032714844;3,5;49
"690";12,21;50,17;1;NA;NA;NA
"691";11,54;50,27;1;674,392395019531;2,66666674613953;56
"692";12,54;49,92;1;NA;NA;NA
"693";12,29;49,77;1;688,755310058594;2,48333334922791;44
"694";11,87;50,12;1;662,926818847656;5,36666679382324;71
"695";12,12;49,82;1;691,223693847656;2,84999990463257;40
"696";12,12;49,92;1;669,22998046875;1,73333334922791;53
"697";12,46;49,77;1;NA;NA;NA
"698";12,54;49,67;1;NA;NA;NA
"699";11,12;50,37;1;678,174255371094;2,93333339691162;58
"700";12,29;49,52;1;698,027954101562;3,18333315849304;41
"701";12,37;49,72;1;680,222106933594;2,05000019073486;49
"702";11,62;50,17;1;673,850708007812;2,41666674613953;60
"703";11,71;49,87;1;686,864868164062;3,01666665077209;54
"704";11,87;49,52;1;718,345092773438;3,48333334922791;48
"705";11,79;49,72;1;691,915832519531;3,20000004768372;50
"706";11,46;50,17;1;682,732238769531;3,10000014305115;54
"707";12,37;49,82;1;683,432006835938;2,39999985694885;43
"708";11,62;50,32;1;661,312255859375;5,41666650772095;72
"709";12,12;50,27;1;NA;NA;NA
"710";11,96;50,42;1;667,370910644531;2,40000009536743;51
"711";12,04;49,67;1;690,462097167969;3,23333334922791;41
"712";11,87;50,42;1;668,03125;2;57
"713";12,37;49,57;1;691,533630371094;2,5;46
"714";11,96;50,37;1;678,791809082031;2,63333320617676;48
"715";10,96;50,37;1;678,389892578125;3,31666660308838;52
"716";12,29;49,72;1;691,656311035156;2,81666660308838;43
"717";11,71;50,37;1;672,662048339844;2,36666679382324;56
"718";11,96;49,57;1;705,5263671875;3,38333344459534;43
"719";10,96;50,32;1;683,027465820312;3,5;52
"720";12,12;50,22;1;668,013793945312;2,21666669845581;48
"721";12,04;49,62;1;694,093444824219;3,21666669845581;42
"722";11,04;50,37;1;675,96337890625;3,16666674613953;54
"723";11,46;50,12;1;684,113586425781;3,38333320617676;52
"724";11,29;50,37;1;682,131774902344;2,51666665077209;63
"725";11,54;50,22;1;670,907897949219;6,16666650772095;66
"726";12,46;49,62;1;693,251037597656;2,73333334922791;42
"727";11,29;50,52;1;668,604370117188;2,59999990463257;59
"728";12,62;49,57;1;NA;NA;NA
"729";9,46;49,97;1;656,078063964844;11,0666666030884;66
"730";11,71;48,42;1;686,362121582031;0,666666686534882;41
"731";11,54;48,42;1;690,629943847656;0,833333373069763;44
"732";11,62;48,97;1;708,410522460938;3,63333344459534;50
"733";11,96;48,97;1;713,388610839844;3,76666665077209;43
"734";12,37;47,72;1;656,894653320312;-0,0500000305473804;71
"735";11,12;49,27;1;700,876098632812;1,29999995231628;43
"736";11,71;49,12;1;710,106689453125;3,33333325386047;50
"737";12,54;47,72;1;613,108520507812;-0,850000023841858;72
"738";10,62;48,07;1;684,113586425781;0,733333349227905;57
"739";10,71;48,07;1;681,960571289062;0,750000059604645;55
"740";9,37;49,92;1;654,165405273438;11,2333335876465;65
"741";11,54;49,12;1;704,053588867188;3,39999985694885;55
"742";11,21;49,67;1;671,167541503906;3,26666665077209;62
"743";10,79;48,77;1;692,501525878906;0,700000047683716;46
"744";11,96;48,52;1;705,993286132812;0,999999940395355;45
"745";12,46;47,67;1;704,151123046875;-0,900000035762787;74
"746";11,62;49,02;1;710,589782714844;3,83333325386047;50
"747";11,46;49,67;1;680,895568847656;3,25;64
"748";12,46;47,77;1;705,080444335938;-0,266666620969772;72
"749";11,71;49,17;1;712,265930175781;3,39999985694885;50
"750";12,37;47,77;1;633,0390625;-0,283333331346512;72
"751";11,54;49,72;1;679,445373535156;3,18333339691162;61
"752";11,71;48,37;1;690,004821777344;0,899999976158142;41
"753";11,87;48,87;1;723,44140625;4,16666698455811;41
"754";11,87;49,17;1;716,258666992188;3,48333334922791;47
"755";10,54;48,02;1;674,332458496094;0,550000011920929;62
"756";11,71;48,27;1;688,926452636719;1,23333334922791;44
"757";12,04;48,47;1;705,878295898438;1,10000014305115;47
"758";11,54;49,62;1;690,61279296875;3,48333334922791;63
"759";11,96;48,82;1;719,479370117188;3,95000004768372;41
"760";11,46;49,77;1;677,46630859375;3,28333330154419;60
"761";11,87;48,47;1;701,1435546875;0,966666698455811;44
"762";11,62;49,67;1;688,656311035156;3,28333330154419;59
"763";11,04;48,82;1;689,596252441406;0,766666650772095;49
"764";11,62;49,17;1;708,677124023438;3,34999990463257;53
"765";11,62;49,62;1;687,693786621094;2,90000009536743;63
"766";11,54;49,17;1;701,807189941406;3,25;58
"767";11,12;49,22;1;695,872436523438;1,21666669845581;45
"768";12,04;48,77;1;717,368408203125;3,95000004768372;42
"769";9,29;49,97;1;657,139526367188;8,46666717529297;59
"770";11,62;49,27;1;708,973205566406;3,33333325386047;57
"771";11,79;48,87;1;721,142150878906;4,19999980926514;42
"772";12,12;48,87;1;723,815124511719;4;39
"773";11,62;49,77;1;684,689147949219;2,88333344459534;60
"774";10,46;48,02;1;673,642883300781;0,616666674613953;60
"775";11,21;49,27;1;693,022033691406;1,10000002384186;49
"776";11,71;49,77;1;688,999450683594;2,91666674613953;55
"777";11,21;49,32;1;694,155639648438;1,13333332538605;48
"778";11,37;49,32;1;694,918090820312;3,43333339691162;60
"779";12,04;48,82;1;722,613464355469;4,03333330154419;40
"780";11,37;49,67;1;673,199462890625;2,83333349227905;67
"781";12,82;47,67;1;679,95654296875;0,583333313465118;82
"782";10,09;49,61;1;666,669006347656;1,81666660308838;45
"783";10,24;49,54;1;668,813232421875;1,53333342075348;45
"784";10,85;48,74;1;692,890686035156;1,03333342075348;45
"785";6,08078;51,177854;1;565,199584960938;5,94999980926514;45
"786";10,87;48,12;1;676,622619628906;0,733333349227905;50
"787";11,54;48,07;1;670,738525390625;1,66666674613953;51
"788";9,63;50,24;1;655,809143066406;11,75;57
"789";9,78;50,42;1;663,419067382812;11,3333330154419;61
"790";10,03;50,16;1;665,746765136719;4,64999961853027;45
"791";6,214011;51,428677;1;572,8828125;6;44
"792";11,62;47,82;1;672,550964355469;-0,316666632890701;68
"793";11,12;47,72;1;669,761962890625;-0,483333349227905;60
"794";11,14;48,39;1;689,604064941406;0,916666746139526;47
"795";11,46;48,12;1;680,592834472656;1,61666667461395;49
"796";11,29;47,37;1;NA;NA;NA
"797";11,62;48,17;1;696,163024902344;2,03333353996277;47
"798";11,71;48,12;1;697,291687011719;1,66666674613953;52
"799";11,54;48,17;1;690,330932617188;2,03333330154419;47
"800";11,62;49,87;1;683,761291503906;3,29999995231628;53
"801";12,04;48,02;1;694,217895507812;-0,133333250880241;55
"802";9,93;50,33;1;662,836364746094;10,1166667938232;76
"803";10,26;50,23;1;673,577514648438;3,90000009536743;47
"804";11,62;49,92;1;693,132995605469;3,58333349227905;51
"805";11,62;48,07;1;684,619445800781;1,64999997615814;53
"806";11,71;48,17;1;688,679016113281;1,65000009536743;49
"807";11,46;50,32;1;674,740661621094;2,48333334922791;61
"808";6,733992;52,47557;1;560,857543945312;5,21666669845581;47
"809";11,04;47,47;1;671,558959960938;-1,78333330154419;72
"810";11,29;47,47;1;614,626037597656;-0,633333325386047;72
"811";10,96;47,42;1;582,236389160156;-4,18333339691162;71
"812";11,54108;52,93198;1;652,686157226562;4,76666688919067;34
"813";13,0817;54,3484;1;NA;NA;NA
"814";13,415;54,1484;1;NA;NA;NA
"815";10,96;48,07;1;675,214904785156;0,683333277702332;51
"816";11,54;47,97;1;669,377258300781;1,15000009536743;59
"817";10,72;48,87;1;695,774047851562;1,09999990463257;45
"818";11,37;50,32;1;677,909545898438;2,40000009536743;62
"819";10,03;50,23;1;670,931640625;4,03333330154419;53
"820";11,29;47,52;1;624,661743164062;-0,233333304524422;69
"821";11,04;47,57;1;640,455993652344;-0,716666638851166;67
"822";11,29;50,32;1;687,153076171875;3,61666655540466;46
"823";11,46;50,37;1;671,24658203125;2,01666665077209;67
"824";11,54;49,87;1;675,726745605469;2,91666674613953;61
"825";11,54;50,37;1;669,862060546875;1,96666669845581;65
"826";11,37;50,37;1;675,85791015625;6,28333330154419;67
"827";12,56;48,88;1;750,367980957031;0,833333313465118;44
"828";9,78;50,33;1;662,559875488281;11,1666669845581;65
"829";6,108672;51,132738;1;562,609436035156;6,03333330154419;45
"830";10,87;47,52;1;577,509704589844;-3,34999990463257;79
"831";6,008065;51,088375;1;NA;NA;NA
"832";10,3;48,51;1;692,407287597656;1,31666672229767;43
"833";11,12;48,67;1;701,272644042969;0,966666579246521;43
"834";11,04;48,62;1;692,64794921875;0,800000011920929;45
"835";11,04;48,67;1;693,721313476562;0,883333384990692;46
"836";11,62;48,42;1;690,822387695312;0,716666698455811;43
"837";10,12;49,22;1;687,275451660156;3,70000004768372;55
"838";10,29;49,07;1;694,492370605469;3,65000009536743;55
"839";13,46;48,87;1;692,700439453125;2,11666679382324;65
"840";13,54;48,92;1;641,142883300781;4,23333311080933;81
"841";13,62;48,92;1;663,997314453125;5,06666660308838;73
"842";13,37;48,82;1;714,019104003906;3,13333344459534;57
"843";13,37;48,92;1;665,894836425781;5,71666669845581;67
"844";13,46;48,92;1;651,718017578125;5,38333320617676;74
"845";12,12;48,97;1;732,394775390625;4,16666650772095;39
"846";12,04;48,97;1;722,644958496094;4,08333301544189;39
"847";13,54;48,87;1;684,250854492188;6,09999990463257;67
"848";12,12;48,12;1;693,634887695312;-0,166666626930237;52
"849";12,12;48,17;1;685,291931152344;-0,266666650772095;54
"850";10,37;48,22;1;687,275451660156;1,03333330154419;51
"851";11,04;49,12;1;687,03857421875;1,11666667461395;45
"852";11,12;49,07;1;689,147888183594;3,41666674613953;53
"853";12,21;49,87;1;686,797058105469;2,75;41
"854";10,37;48,42;1;692,575744628906;1,26666653156281;41
"855";11,96;47,62;1;647,540222167969;-1,06666660308838;67
"856";12,12;47,97;1;696,926696777344;-0,0499999523162842;53
"857";10,87;49,97;1;678,058166503906;4,38333320617676;39
"858";11,96;47,67;1;661,263732910156;-0,716666638851166;70
"859";10,37;48,32;1;689,009338378906;1,18333339691162;41
"860";10,79;50,02;1;671,618896484375;3,65000009536743;50
"861";10,96;49,97;1;674,948913574219;3,88333320617676;46
"862";11,04;49,92;1;672,489013671875;3,63333320617676;51
"863";10,79;49,97;1;674,351928710938;4,09999990463257;43
"864";12,04;49,02;1;726,371215820312;4,31666660308838;37
"865";11,04;49,87;1;673,887939453125;3,96666669845581;47
"866";12,46;49,92;1;671,117919921875;1,81666672229767;45
"867";12,21;47,87;1;705,660034179688;-0,19999997317791;59
"868";10,46;48,22;1;682,230102539062;1,09999990463257;53
"869";10,96;49,82;1;676,368835449219;4,34999990463257;40
"870";10,12;50,32;1;668,234191894531;3,86666655540466;50
"871";12,46;49,82;1;670,346313476562;1,56666672229767;50
"872";10,87;49,87;1;685,421081542969;4,25;44
"873";10,87;50,07;1;676,164001464844;4,11666631698608;42
"874";10,54;48,37;1;680,185302734375;1;48
"875";11,21;49,17;1;698,34814453125;3,79999995231628;50
"876";10,04;50,37;1;671,941284179688;11,0500001907349;61
"877";10,12;50,37;1;666,823669433594;3,91666674613953;47
"878";10,96;50,02;1;679,506713867188;4,06666660308838;43
"879";10,37;50,37;1;672,8681640625;3,65000009536743;47
"880";10,21;50,37;1;677,158020019531;4,09999990463257;41
"881";10,46;48,27;1;687,464050292969;1,14999997615814;50
"882";11,87;47,67;1;624,952575683594;-1,45000004768372;69
"883";10,37;48,27;1;687,680541992188;1,03333330154419;47
"884";12,54;49,87;1;NA;NA;NA
"885";11,29;49,12;1;689,013916015625;3,38333344459534;57
"886";11,79;47,97;1;675,073913574219;1,16666674613953;68
"887";11,79;47,72;1;619,073547363281;0,283333331346512;70
"888";10,79;49,87;1;678,582946777344;4,13333368301392;44
"889";12,37;48,22;1;700,485046386719;1,01666665077209;50
"890";8,8625;50,1125;0;664,893920898438;5,94999980926514;44
"891";10,2541666666667;47,6958333333333;0;649,363342285156;-0,116666555404663;96
"892";11,9875;53,5875;0;655,379272460938;3,91666674613953;36
"893";8,47916666666667;49,8375;0;671,389770507812;3,58333325386047;37
"894";6,27083333333333;51,1791666666667;0;570,679260253906;5,98333311080933;45
"895";12,9458333333333;53,5291666666667;0;678,31494140625;3,25;32
"896";9,09583333333333;51,8458333333333;0;607,503601074219;4,66666650772095;56
"897";9,95416666666667;50,6708333333333;0;662,822692871094;3,83333325386047;51
"898";12,1458333333333;49,4125;0;711,439025878906;3,58333349227905;39
"899";8,5625;49,6375;0;663,794616699219;3,53333330154419;41
"900";6,97916666666667;49,4541666666667;0;623,612426757812;16,1000003814697;63
"901";12,7375;53,7875;0;656,552062988281;3,33333325386047;36
"902";9,87916666666667;53,6458333333333;0;612,440490722656;4,59999990463257;42
"903";11,9208333333333;52,1041666666667;0;678,797241210938;4,83333349227905;32
"904";10,6208333333333;54,3125;0;594,753601074219;3,96666669845581;39
"905";8,10416666666667;51,9875;0;587,808410644531;5,30000019073486;42
"906";10,5458333333333;51,6625;0;625,719421386719;9,41666698455811;76
"907";8,1625;49,8291666666667;0;663,286682128906;3,21666669845581;37
"908";8,3375;48,7708333333333;0;639,600219726562;3,43333339691162;75
"909";9,1375;48,6791666666667;0;655,040344238281;1,66666662693024;44
"910";12,8708333333333;50,9125;0;700,546325683594;4,15000009536743;39
"911";10,2458333333333;53,9625;0;610,668273925781;7,48333358764648;49
"912";10,3541666666667;54,2958333333333;0;594,796875;3,70000004768372;43
"913";7,80416666666667;48,3125;0;653,655639648438;3,78333330154419;58
"914";8,34583333333333;53,1625;0;578,557495117188;4,63333320617676;39
"915";9,47916666666667;48,9291666666667;0;651,9091796875;4,98333311080933;68
"916";7,45416666666667;52,4458333333333;0;584,586608886719;5,26666688919067;42
"917";12,6625;48,1375;0;702,302917480469;1;58
"918";12,1625;48,3541666666667;0;708,867004394531;0,966666638851166;49
"919";10,8875;51,3791666666667;0;648,795532226562;1,38333332538605;35
"920";9,54583333333333;54,4208333333333;0;597,60302734375;3,79999995231628;48
"921";12,1875;50,7125;0;670,59619140625;1,10000002384186;37
"922";6,9125;49,5958333333333;0;611,44189453125;15;67
"923";11,8375;53,6541666666667;0;654,590270996094;4,09999990463257;35
"924";12,4708333333333;49,1041666666667;0;704,0546875;2,93333339691162;49
"925";6,9875;49,8458333333333;0;615,8671875;15,25;63
"926";11,0375;52,8958333333333;0;638,081115722656;4,53333330154419;34
"927";14,2791666666667;53,0708333333333;0;695,857849121094;1,61666667461395;28
"928";9,44583333333333;51,0208333333333;0;631,829345703125;1,78333330154419;38
"929";13,1375;54,1375;0;639,387145996094;3,33333325386047;40
"930";10,2708333333333;47,4708333333333;0;671,39990234375;0,283333301544189;110
"931";7,9625;53,2791666666667;0;572,035705566406;4,61666679382324;44
"932";11,8541666666667;47,9458333333333;0;681,0869140625;1,28333330154419;67
"933";8,8875;50,2041666666667;0;666,880310058594;5,73333358764648;44
"934";13,8375;54,1208333333333;0;636,094116210938;3,41666674613953;36
"935";12,1625;51,7125;0;679,124206542969;4,46666669845581;31
"936";13,2958333333333;54,2875;0;630,573303222656;3,20000004768372;37
"937";9,17916666666667;51,0958333333333;0;627,405700683594;3,58333349227905;48
"938";9,6125;50,5958333333333;0;646,94677734375;3,93333339691162;54
"939";8,0125;49,9041666666667;0;653,752990722656;2,75;38
"940";7,1375;50,7791666666667;0;597,362121582031;6,15000009536743;44
"941";9,37916666666667;47,7791666666667;0;691,330932617188;1,61666655540466;49
"942";8,15416666666667;51,7291666666667;0;583,984985351562;5,03333330154419;39
"943";12,2875;50,6041666666667;0;680,660888671875;-0,233333349227905;40
"944";9,1875;52,3125;0;613,227172851562;5,15000009536743;48
"945";12,0541666666667;49,1958333333333;0;714,002258300781;3,76666665077209;41
"946";8,32916666666667;48,2791666666667;0;634,065002441406;12,6000003814697;82
"947";10,2041666666667;53,5875;0;612,947448730469;4,21666669845581;45
"948";10,8291666666667;51,2375;0;655,799743652344;1,25;36
"949";9,67083333333333;48,2208333333333;0;684,037170410156;1,13333332538605;43
"950";10,3541666666667;52,5375;0;631,833984375;4,61666679382324;42
"951";13,7125;51,8125;0;683,695922851562;4,34999990463257;32
"952";14,3125;51,6041666666667;0;695,704772949219;4,44999980926514;37
"953";13,1041666666667;52,5291666666667;0;691,527709960938;4,65000009536743;33
"954";9,94583333333333;49,0458333333333;0;666,536010742188;3,91666674613953;63
"955";9,02083333333333;48,9875;0;647,2353515625;2,91666674613953;46
"956";8,07916666666667;50,5541666666667;0;629,627685546875;3,81666660308838;57
"957";8,82916666666667;52,8875;0;597,56494140625;4,40000009536743;42
"958";11,9041666666667;50,4125;0;668,620788574219;2,23333334922791;53
"959";13,1541666666667;51,2458333333333;0;727,274230957031;4,51666688919067;34
"960";12,2958333333333;48,4458333333333;0;708,639709472656;0,816666603088379;48
"961";11,2125;52,8458333333333;0;651,485473632812;4,65000009536743;33
"962";8,97916666666667;52,7791666666667;0;602,588500976562;4,5;44
"963";13,5208333333333;51,5541666666667;0;686,670043945312;1,60000002384186;32
"964";11,4208333333333;51,2708333333333;0;654,369934082031;2,29999995231628;28
"965";9,72083333333333;53,3041666666667;0;616,976196289062;4,40000009536743;45
"966";10,7958333333333;53,4875;0;628,455749511719;4,13333320617676;43
"967";8,12083333333333;51,9458333333333;0;589,651123046875;5,34999990463257;41
"968";8,85416666666667;47,9375;0;661,1640625;-0,0666666626930237;58
"969";12,0291666666667;50,7708333333333;0;670,333923339844;1,33333337306976;33
"970";9,22083333333333;48,7875;0;660,056640625;3,11666655540466;36
"971";10,6791666666667;49,1708333333333;0;696,967468261719;1,48333323001862;47
"972";13,2125;51,3875;0;726,048217773438;1,66666662693024;31
"973";9,02083333333333;50,1625;0;662,015258789062;5,66666650772095;48
"974";9,9625;48,8208333333333;0;665,860534667969;4,38333320617676;61
"975";7,77083333333333;50,8458333333333;0;608,953369140625;11,783332824707;69
"976";9,3625;49,5458333333333;0;674,13525390625;15,9333333969116;56
"977";11,3875;49,6125;0;678,686889648438;2,95000004768372;67
"978";10,6958333333333;48,1208333333333;0;677,828979492188;0,850000083446503;54
"979";8,1875;50,8041666666667;0;621,87158203125;11,1499996185303;61
"980";8,1625;53,1625;0;582,117370605469;4,76666641235352;42
"981";6,59583333333333;50,3875;0;595,2353515625;10,1833333969116;68
"982";14,4791666666667;51,0625;0;688,127014160156;3,45000004768372;36
"983";10,3791666666667;52,0291666666667;0;626,790161132812;4,13333320617676;46
"984";12,5458333333333;47,9625;0;703,075927734375;0,999999940395355;65
"985";11,8208333333333;48,1791666666667;0;692,766052246094;1,33333325386047;51
"986";13,4458333333333;51,5208333333333;0;702,525085449219;1,68333339691162;31
"987";11,1375;49,1791666666667;0;695,133544921875;1,11666679382324;46
"988";13,5708333333333;52,8875;0;679,499572753906;4,01666641235352;32
"989";7,6875;47,9875;0;661,621520996094;3,65000009536743;57
"990";9,6375;52,0375;0;601,463500976562;4,05000019073486;58
"991";9,99583333333333;47,5541666666667;0;660,392883300781;-0,0666666254401207;108
"992";14,2541666666667;51,9958333333333;0;690,723693847656;4,38333320617676;33
"993";10,3625;52,8375;0;621,059692382812;7,59999990463257;52
"994";13,9708333333333;53,4291666666667;0;679,229064941406;3,66666650772095;26
"995";13,2708333333333;53,3041666666667;0;672,040100097656;3,29999995231628;28
"996";6,77916666666667;49,6625;0;608,171630859375;14,4666662216187;68
"997";11,4458333333333;51,3291666666667;0;650,245849609375;1,56666660308838;36
"998";7,7625;48,3208333333333;0;646,469848632812;3,84999990463257;57
"999";7,65416666666667;50,4458333333333;0;620,0126953125;4,58333349227905;63
"1000";7,7625;53,6791666666667;0;567,306213378906;4,56666660308838;42
"1001";12,0375;50,4291666666667;0;671,074890136719;3,03333330154419;43
"1002";9,87083333333333;50,4541666666667;0;668,67236328125;7,41666650772095;60
"1003";12,0291666666667;53,9541666666667;0;647,686279296875;3,93333339691162;31
"1004";10,9375;48,9791666666667;0;685,640075683594;1,16666674613953;43
"1005";8,17916666666667;48,2791666666667;0;633,179077148438;5,48333311080933;89
"1006";13,6291666666667;52,4291666666667;0;685,533813476562;4,28333330154419;32
"1007";10,5958333333333;54,0875;0;612,216979980469;3,66666650772095;41
"1008";9,54583333333333;52,9875;0;619,341674804688;4,41666650772095;47
"1009";9,07916666666667;50,6958333333333;0;639,011413574219;4,19999980926514;50
"1010";9,5625;51,1458333333333;0;620,744934082031;2,13333344459534;35
"1011";9,94583333333333;53,5125;0;624,817993164062;5,03333330154419;42
"1012";13,1291666666667;49,0041666666667;0;688,6123046875;1,85000002384186;60
"1013";7,9625;51,5458333333333;0;585,068481445312;4,93333339691162;49
"1014";8,4125;52,5541666666667;0;610,737731933594;5,01666688919067;44
"1015";6,7375;51,7125;0;575,904296875;5,76666641235352;48
"1016";8,27083333333333;50,3875;0;637,69873046875;4,68333339691162;50
"1017";9,79583333333333;51,2041666666667;0;626,441833496094;3,43333339691162;55
"1018";10,8208333333333;50,6458333333333;0;648,108520507812;9,14999961853027;74
"1019";9,2625;53,7208333333333;0;598,717712402344;4,28333330154419;42
"1020";14,7541666666667;50,9541666666667;0;689,483093261719;3,33333349227905;41
"1021";10,2125;50,0708333333333;0;671,24755859375;4,46666669845581;41
"1022";12,9208333333333;51,7791666666667;0;709,127197265625;4,78333330154419;32
"1023";8,62916666666667;53,5208333333333;0;594,026428222656;4,81666660308838;36
"1024";7,99583333333333;48,1458333333333;0;642,360107421875;2,53333330154419;70
"1025";11,3541666666667;53,2125;0;645,721801757812;4,45000028610229;36
"1026";9,89583333333333;53,3208333333333;0;622,974731445312;4,30000019073486;44
"1027";11,0375;49,4125;0;711,830078125;1,86666679382324;40
"1028";13,2458333333333;48,4958333333333;0;715,320861816406;3,75;56
"1029";6,82083333333333;51,2625;0;591,848022460938;6,38333368301392;54
"1030";8,8125;49,8708333333333;0;648,014465332031;5,56666660308838;52
"1031";10,4708333333333;52,3458333333333;0;626,855285644531;4,56666660308838;37
"1032";7,65416666666667;51,9375;0;598,328918457031;5,63333320617676;47
"1033";14,7875;50,8541666666667;0;684,815856933594;3,48333334922791;37
"1034";9,8625;51,7791666666667;0;618,343933105469;4,59999990463257;42
"1035";10,6291666666667;49,7041666666667;0;682,190490722656;4;49
"1036";12,9958333333333;51,8625;0;700,934814453125;4,63333320617676;33
"1037";10,7458333333333;51,8625;0;636,208557128906;3,58333349227905;42
"1038";10,3208333333333;49,9375;0;673,802368164062;4,63333320617676;38
"1039";8,8875;50,8291666666667;0;640,6298828125;4,55000019073486;41
"1040";9,42083333333333;50,3291666666667;0;652,1240234375;8,26666641235352;54
"1041";12,8291666666667;51,8541666666667;0;707,55810546875;4,59999990463257;33
"1042";11,7541666666667;51,1625;0;657,901123046875;2,11666679382324;31
"1043";13,0708333333333;53,3625;0;686,418395996094;0,450000017881393;28
"1044";10,5291666666667;51,0625;0;647,549560546875;3,38333344459534;49
"1045";7,65416666666667;52,7541666666667;0;578,098205566406;4,98333358764648;49
"1046";11,3125;53,0541666666667;0;641,890441894531;4,66666650772095;33
"1047";7,9125;52,0291666666667;0;585,98193359375;5,19999980926514;43
"1048";9,94583333333333;48,2375;0;692,250793457031;0,816666662693024;43
"1049";9,84583333333333;49,5375;0;669,40087890625;4,48333311080933;51
"1050";10,7791666666667;52,1625;0;620,875915527344;4,05000019073486;38
"1051";14,2458333333333;52,4875;0;699,69189453125;4,16666650772095;31
"1052";10,4958333333333;53,4875;0;616,237976074219;3,96666669845581;45
"1053";10,7625;49,7708333333333;0;679,696228027344;3,93333339691162;49
"1054";10,3541666666667;50,6625;0;663,108520507812;3,71666669845581;42
"1055";10,7375;52,5291666666667;0;625,726257324219;4,29999971389771;39
"1056";11,2541666666667;52,0958333333333;0;644,569396972656;1,48333334922791;33
"1057";10,5291666666667;54,3375;0;590,163513183594;3,59999990463257;43
"1058";12,4041666666667;48,4458333333333;0;709,286193847656;0,700000047683716;47
"1059";8,8625;51,9791666666667;0;601,205078125;4,69999980926514;61
"1060";9,99583333333333;49,1875;0;676,862609863281;4,03333330154419;57
"1061";11,5458333333333;50,8375;0;663,665649414062;0,833333313465118;38
"1062";8,30416666666667;47,7291666666667;0;647,992797851562;6,55000019073486;77
"1063";13,7125;53,5208333333333;0;670,537292480469;3,51666665077209;29
"1064";9,42083333333333;53,9791666666667;0;604,214233398438;4,13333320617676;45
"1065";14,0958333333333;53,5875;0;675,772277832031;3,73333334922791;26
"1066";12,2958333333333;50,9625;0;677,730163574219;0,383333295583725;35
"1067";13,6541666666667;50,9375;0;695,860595703125;3,79999995231628;43
"1068";13,9125;52,9375;0;686,957885742188;4,03333330154419;33
"1069";11,1208333333333;47,5291666666667;0;677,328735351562;-0,866666674613953;69
"1070";12,2291666666667;50,4708333333333;0;676,464172363281;3,06666660308838;44
"1071";9,1375;49,0625;0;652,669799804688;5,96666669845581;48
"1072";11,8958333333333;49,1875;0;714,624694824219;3,71666669845581;44
"1073";9,99583333333333;47,8791666666667;0;664,416442871094;0,25;72
"1074";13,7208333333333;52,5791666666667;0;694,597106933594;4,18333339691162;32
"1075";6,40416666666667;51,2791666666667;0;581,717041015625;6,23333358764648;46
"1076";8,24583333333333;49,1708333333333;0;674,454345703125;6,06666660308838;48
"1077";11,4291666666667;53,5791666666667;0;643,033752441406;4,16666650772095;38
"1078";12,0875;53,9291666666667;0;648,928588867188;3,93333339691162;31
"1079";13,3708333333333;50,7791666666667;0;697,962829589844;7,51666688919067;56
"1080";9,5875;51,9958333333333;0;606,376953125;4,59999990463257;55
"1081";7,45416666666667;52,2708333333333;0;597,34765625;5,56666660308838;40
"1082";9,59583333333333;54,1125;0;599,148864746094;4,03333330154419;47
"1083";12,6791666666667;53,4208333333333;0;670,061462402344;3,55000019073486;35
"1084";12,6791666666667;53,2458333333333;0;682,329345703125;3,86666655540466;34
"1085";11,2208333333333;53,2625;0;644,142578125;4,44999980926514;36
"1086";8,82916666666667;48,4625;0;658,740051269531;1,43333327770233;54
"1087";10,6625;49,4041666666667;0;697,585021972656;4,38333320617676;48
"1088";9,89583333333333;54,5375;0;589,701232910156;10,5666666030884;48
"1089";8,97916666666667;51,2791666666667;0;617,258728027344;3,21666669845581;54
"1090";7,12916666666667;52,5375;0;571,641723632812;5,26666688919067;46
"1091";7,22916666666667;49,7791666666667;0;621,855712890625;14,9166669845581;63
"1092";14,6791666666667;51,9708333333333;0;698,621459960938;4,58333349227905;33
"1093";8,77083333333333;48,5875;0;649,0078125;1,10000002384186;69
"1094";14,0958333333333;53,2625;0;688,345642089844;3,88333344459534;25
"1095";7,87083333333333;50,7291666666667;0;617,20166015625;11,1333332061768;65
"1096";12,5875;50,9541666666667;0;691,782958984375;4,38333320617676;37
"1097";14,0375;53,2625;0;687,371337890625;3,68333339691162;26
"1098";11,1875;48,9208333333333;0;690,64306640625;3,26666688919067;55
"1099";9,12916666666667;50,6708333333333;0;636,404907226562;3,76666665077209;57
"1100";11,3458333333333;52,3041666666667;0;652,840393066406;1,94999992847443;32
"1101";11,4291666666667;52,6041666666667;0;655,958740234375;4,80000019073486;33
"1102";6,74583333333333;49,1958333333333;0;624,095092773438;5,26666688919067;60
"1103";10,4041666666667;53,6958333333333;0;608,242614746094;3,83333325386047;49
"1104";12,5458333333333;52,8291666666667;0;684,720031738281;4,40000009536743;29
"1105";11,3208333333333;51,4208333333333;0;656,62646484375;2,08333325386047;27
"1106";8,07083333333333;52,8041666666667;0;592,531127929688;4,88333320617676;47
"1107";11,7541666666667;47,9125;0;675,772705078125;-0,0499999932944775;72
"1108";11,0125;52,6041666666667;0;641,953125;4,28333330154419;37
"1109";8,87083333333333;48,8958333333333;0;651,260437011719;2,33333325386047;51
"1110";9,20416666666667;52,4458333333333;0;604,112609863281;4,69999980926514;50
"1111";8,42083333333333;53,0208333333333;0;585,456298828125;4,56666660308838;42
"1112";10,4291666666667;50,0958333333333;0;667,601257324219;3,75;49
"1113";11,5125;53,1458333333333;0;652,729675292969;4,66666650772095;35
"1114";12,4875;54,1125;0;639,470642089844;3,34999990463257;36
"1115";9,29583333333333;49,4375;0;670,140625;8,51666641235352;54
"1116";10,9625;48,2958333333333;0;683,038024902344;1,11666667461395;47
"1117";10,9708333333333;48,1458333333333;0;679,506713867188;0,800000011920929;49
"1118";11,7125;52,6375;0;669,742553710938;5,01666688919067;34
"1119";9,02916666666667;51,9458333333333;0;601,968200683594;4,56666660308838;58
"1120";9,3625;47,8541666666667;0;668,075012207031;0,36666664481163;56
"1121";7,9375;52,3291666666667;0;583,352844238281;4,91666698455811;50
"1122";11,8125;50,0875;0;664,339965820312;5,68333339691162;68
"1123";8,64583333333333;51,8041666666667;0;597,087646484375;5,18333339691162;57
"1124";10,8708333333333;49,1291666666667;0;689,202819824219;1,39999997615814;42
"1125";10,8958333333333;48,6541666666667;0;694,01611328125;1,18333339691162;43
"1126";6,64583333333333;50,8125;0;587,602355957031;3,75;46
"1127";7,14583333333333;52,7125;0;571,995910644531;5,15000009536743;45
"1128";11,5375;47,8791666666667;0;667,001403808594;1,03333330154419;63
"1129";11,6375;52,5458333333333;0;664,346313476562;4,88333320617676;34
"1130";7,20416666666667;52,9041666666667;0;570,214599609375;4,98333358764648;45
"1131";7,72916666666667;53,6291666666667;0;564,261901855469;4,61666679382324;43
"1132";8,29583333333333;52,8291666666667;0;592,509399414062;4,68333339691162;45
"1133";11,3041666666667;50,8958333333333;0;659,405578613281;1,20000004768372;37
"1134";10,9791666666667;52,9958333333333;0;637,313232421875;4,33333349227905;37
"1135";8,95416666666667;49,2708333333333;0;648,089721679688;5,11666631698608;60
"1136";10,4458333333333;48,1708333333333;0;684,063598632812;1,00000011920929;54
"1137";13,3041666666667;48,9791666666667;0;682,853149414062;1,94999992847443;62
"1138";12,3291666666667;52,0875;0;676,321838378906;4,28333330154419;37
"1139";9,14583333333333;51,4125;0;620,201599121094;3,79999995231628;46
"1140";10,2625;51,6625;0;631,02490234375;3,93333339691162;45
"1141";13,7875;53,7041666666667;0;662,664916992188;3,71666669845581;30
"1142";11,5291666666667;50,1958333333333;0;672,659118652344;2,56666684150696;59
"1143";11,8875;53,4458333333333;0;661,104431152344;4,21666669845581;38
"1144";11,1875;47,5291666666667;0;601,843627929688;-1,19999992847443;64
"1145";9,77916666666667;54,6625;0;588,043090820312;10,4666662216187;48
"1146";7,74583333333333;52,7125;0;584,043334960938;5,13333320617676;49
"1147";8,42916666666667;47,7625;0;665,903747558594;3,48333334922791;65
"1148";12,1625;49,1541666666667;0;709,868225097656;3,70000004768372;41
"1149";7,50416666666667;53,3625;0;569,924743652344;4,68333339691162;43
"1150";9,67916666666667;47,7958333333333;0;681,085388183594;1,16666674613953;60
"1151";10,5958333333333;52,2208333333333;0;626,256774902344;2,31666660308838;34
"1152";8,9125;48,6375;0;658,239624023438;1,76666665077209;49
"1153";6,30416666666667;50,8708333333333;0;574,853576660156;5,91666698455811;52
"1154";14,0125;53,4875;0;677,525573730469;3,59999990463257;26
"1155";12,9208333333333;52,4791666666667;0;690,809265136719;4,45000028610229;33
"1156";14,5708333333333;52,1708333333333;0;699,093017578125;4,33333349227905;33
"1157";9,22916666666667;47,9541666666667;0;687,368041992188;0,450000077486038;49
"1158";9,87083333333333;49,0708333333333;0;668,544738769531;4,18333339691162;64
"1159";9,19583333333333;48,8375;0;657,572875976562;2,81666684150696;36
"1160";10,2541666666667;49,6291666666667;0;669,195007324219;4,11666631698608;49
"1161";10,8375;53,2375;0;628,440063476562;4,18333339691162;41
"1162";11,9458333333333;52,6791666666667;0;682,927612304688;5,29999971389771;30
"1163";12,2791666666667;50,4208333333333;0;665,866943359375;2,48333334922791;47
"1164";8,32916666666667;50,2791666666667;0;638,344787597656;4,36666679382324;54
"1165";9,40416666666667;49,5958333333333;0;667,267150878906;15,75;58
"1166";9,92916666666667;50,0375;0;669,380065917969;4,51666688919067;47
"1167";8,22916666666667;47,6875;0;651,424987792969;7,03333330154419;81
"1168";8,9375;50,0208333333333;0;664,995300292969;5,65000009536743;50
"1169";13,8958333333333;51,0125;0;692,988037109375;4,15000009536743;42
"1170";13,8875;51,2041666666667;0;683,599548339844;4,40000009536743;39
"1171";13,8875;51,4375;0;683,576293945312;4,56666660308838;37
"1172";12,3291666666667;49,5291666666667;0;694,325927734375;2,64999985694885;47
"1173";13,6291666666667;52,8458333333333;0;679,326232910156;4,18333339691162;30
"1174";11,9375;48,5291666666667;0;705,958801269531;0,933333396911621;45
"1175";11,5458333333333;50,2875;0;670,293212890625;2,28333330154419;62
"1176";13,1708333333333;48,7208333333333;0;719,297180175781;3,44999980926514;54
"1177";10,6458333333333;49,9875;0;679,699584960938;4,46666669845581;40
"1178";8,74583333333333;51,9708333333333;0;597,51806640625;4,91666650772095;58
"1179";10,9125;52,4291666666667;0;630,856018066406;4,40000009536743;35
"1180";13,2041666666667;52,7791666666667;0;686,110473632812;4,21666669845581;31
"1181";12,2625;48,3208333333333;0;709,354187011719;0,949999988079071;49
"1182";8,19583333333333;50,3125;0;639,411437988281;4,93333339691162;46
"1183";12,5125;49,5958333333333;0;691,996887207031;2,61666655540466;44
"1184";13,9125;52,9791666666667;0;681,427185058594;3,81666660308838;33
"1185";9,2375;51,5625;0;625,256774902344;4,21666669845581;46
"1186";9,3875;52,0625;0;605,491760253906;5,18333339691162;44
"1187";5,94583333333333;51,0375;0;566,450256347656;5,84999990463257;47
"1188";10,8625;49,5625;0;687,786743164062;4,18333339691162;47
"1189";7,57916666666667;51,6708333333333;0;582,703186035156;5,36666679382324;52
"1190";11,9291666666667;54,0958333333333;0;633,787780761719;3,96666669845581;32
"1191";10,9208333333333;49,6291666666667;0;677,584167480469;4,26666688919067;46
"1192";6,32916666666667;50,9375;0;574,641540527344;6,09999990463257;47
"1193";12,1708333333333;51,8375;0;670,015258789062;4,63333320617676;31
"1194";12,4541666666667;53,8125;0;659,476806640625;3,53333330154419;32
"1195";11,4875;47,5708333333333;0;646,23779296875;-0,333333373069763;66
"1196";10,3875;50,6208333333333;0;666,900329589844;3,76666665077209;41
"1197";8,1125;48,7958333333333;0;644,159057617188;3,66666674613953;60
"1198";7,94583333333333;48,4458333333333;0;650,478271484375;3,61666655540466;58
"1199";12,2791666666667;50,6208333333333;0;680,085083007812;-0,11666663736105;38
"1200";10,3875;47,9791666666667;0;672,257080078125;0,649999976158142;59
"1201";8,45416666666667;52,4208333333333;0;604,355895996094;5,01666641235352;44
"1202";9,65416666666667;49,0125;0;656,208129882812;12,8000001907349;78
"1203";12,8541666666667;54,0541666666667;0;644,068481445312;3,41666650772095;36
"1204";7,02083333333333;51,9208333333333;0;578,302124023438;5,43333339691162;50
"1205";14,3041666666667;51,7625;0;699,140686035156;4,81666660308838;32
"1206";14,1125;52,8208333333333;0;694,779602050781;4,46666669845581;30
"1207";8,55416666666667;52,6708333333333;0;602,566467285156;4,83333301544189;42
"1208";12,3208333333333;53,4875;0;666,031188964844;3,89999985694885;36
"1209";9,72916666666667;51,8375;0;616,072021484375;4,36666679382324;52
"1210";9,75416666666667;53,9625;0;599,27783203125;4,03333330154419;49
"1211";10,8375;49,8041666666667;0;679,443115234375;4;46
"1212";12,0625;52,6791666666667;0;681,365051269531;5,26666688919067;30
"1213";11,5791666666667;53,0458333333333;0;656,614807128906;4,84999990463257;35
"1214";10,7958333333333;50,3791666666667;0;676,669128417969;3,25;55
"1215";12,1875;52,0625;0;685,608520507812;4,56666660308838;35
"1216";9,24583333333333;50,8958333333333;0;639,566040039062;4,38333320617676;38
"1217";7,4125;49,6208333333333;0;630,306579589844;3,73333334922791;57
"1218";14,6375;52,2125;0;708,609375;4,59999990463257;32
"1219";11,9208333333333;52,8375;0;677,419738769531;5,09999990463257;33
"1220";11,7458333333333;48,4208333333333;0;688,437377929688;0,750000059604645;42
"1221";10,3541666666667;52,2875;0;624,945434570312;4,61666679382324;38
"1222";12,2208333333333;51,8958333333333;0;676,516662597656;4,55000019073486;33
"1223";9,07083333333333;50,6791666666667;0;639,990539550781;4,16666650772095;51
"1224";10,7625;52,2625;0;626,637268066406;4,18333339691162;37
"1225";10,3458333333333;50,2541666666667;0;673,695556640625;3,96666669845581;43
"1226";10,3208333333333;48,5625;0;693,733154296875;1,28333342075348;44
"1227";12,6458333333333;49,2791666666667;0;699,185668945312;2,90000009536743;48
"1228";14,1958333333333;53,4125;0;681,312255859375;1,03333330154419;26
"1229";7,95416666666667;48,4458333333333;0;649,011352539062;3,58333349227905;60
"1230";9,9375;48,1875;0;688,130981445312;0,800000011920929;44
"1231";11,2375;50,7208333333333;0;661,81396484375;0,716666698455811;47
"1232";11,4958333333333;49,5458333333333;0;687,663513183594;3,25;69
"1233";11,5625;52,4541666666667;0;668,651977539062;4,59999990463257;35
"1234";11,4208333333333;48,5458333333333;0;695,795288085938;0,75000011920929;45
"1235";10,1458333333333;50,3625;0;673,083129882812;3,61666655540466;52
"1236";8,1375;47,6875;0;630,089599609375;14,1499996185303;95
"1237";7,8625;51,5458333333333;0;586,898010253906;5,05000019073486;50
"1238";12,0875;48,1458333333333;0;682,020141601562;-0,233333274722099;55
"1239";10,0291666666667;52,9708333333333;0;639,884399414062;4,40000009536743;50
"1240";11,7958333333333;50,4541666666667;0;664,521240234375;2,26666665077209;56
"1241";10,2791666666667;52,7375;0;630,668701171875;8,10000038146973;50
"1242";13,9875;53,6958333333333;0;661,173217773438;3,73333334922791;28
"1243";10,3208333333333;53,0541666666667;0;626,673950195312;4,04999971389771;47
"1244";11,7541666666667;54,0791666666667;0;631,963012695312;3,83333349227905;34
"1245";10,0708333333333;50,7208333333333;0;658,439819335938;2,93333315849304;61
"1246";11,6875;53,7125;0;646,019714355469;4,13333320617676;36
"1247";7,82916666666667;49,8291666666667;0;653,480651855469;2,56666660308838;38
"1248";13,2041666666667;53,6958333333333;0;660,813903808594;3,56666660308838;30
"1249";10,3208333333333;49,2041666666667;0;699,35791015625;3,71666669845581;54
"1250";11,2708333333333;50,8208333333333;0;665,5908203125;0,450000047683716;47
"1251";12,4375;49,9208333333333;0;671,922119140625;1,91666662693024;45
"1252";10,5625;52,5041666666667;0;628,784912109375;4,58333349227905;39
"1253";11,8041666666667;51,4375;0;659,087951660156;2,04999995231628;29
"1254";11,4625;50,3125;0;675,746520996094;2,71666669845581;57
"1255";10,1875;51,8125;0;625,769836425781;3,79999995231628;48
"1256";8,65416666666667;47,8541666666667;0;655,750183105469;-0,0166666507720947;59
"1257";14,6125;51,1791666666667;0;688,721252441406;4,31666660308838;40
"1258";12,6125;51,5041666666667;0;700,813903808594;4,59999990463257;35
"1259";6,6625;51,4708333333333;0;595,389343261719;6,63333320617676;48
"1260";9,95416666666667;48,9625;0;658,431762695312;3,98333334922791;62
"1261";11,8708333333333;52,0875;0;673,796752929688;4,83333349227905;31
"1262";8,1375;49,6875;0;661,604431152344;2,86666679382324;40
"1263";9,32083333333333;53,5958333333333;0;601,741638183594;4,43333339691162;43
"1264";11,9541666666667;49,3875;0;722,555419921875;3,58333325386047;45
"1265";12,9958333333333;53,0041666666667;0;686,797973632812;3,78333330154419;30
"1266";9,60416666666667;51,4541666666667;0;615,198913574219;3,75;51
"1267";12,1625;47,9291666666667;0;698,161437988281;-0,0999999418854713;54
"1268";9,1875;49,2958333333333;0;655,999694824219;5,09999990463257;55
"1269";10,6958333333333;48,4791666666667;0;682,89990234375;1,03333342075348;47
"1270";14,0875;51,0458333333333;0;695,806030273438;3,86666655540466;39
"1271";7,8875;50,1958333333333;0;630,070190429688;4,26666641235352;52
"1272";11,5875;51,2958333333333;0;659,515441894531;2,26666665077209;27
"1273";11,5708333333333;52,2291666666667;0;667,115417480469;2,09999990463257;31
"1274";13,8708333333333;50,8708333333333;0;696,635864257812;3,51666665077209;44
"1275";13,2708333333333;48,7375;0;717,569946289062;3,38333344459534;56
"1276";7,92083333333333;51,5041666666667;0;580,6318359375;4,66666650772095;56
"1277";9,92083333333333;52,5958333333333;0;632,568115234375;4,76666641235352;42
"1278";9,20416666666667;51,1291666666667;0;632,373291015625;4,41666650772095;37
"1279";12,3708333333333;50,5791666666667;0;681,103576660156;-0,383333325386047;42
"1280";11,3125;53,4208333333333;0;642,086303710938;4,38333368301392;36
"1281";10,3875;54,4125;0;592,823852539062;3,91666650772095;40
"1282";10,2625;52,7458333333333;0;632,224914550781;8,16666698455811;50
"1283";14,6208333333333;51,2875;0;681,47607421875;4,43333339691162;39
"1284";13,0125;54,2625;0;633,548645019531;3,28333330154419;41
"1285";9,95416666666667;51,3791666666667;0;622,94921875;4,30000019073486;41
"1286";10,8458333333333;48,7291666666667;0;691,71435546875;0,999999940395355;45
"1287";7,22916666666667;52,1708333333333;0;582,780700683594;5,34999990463257;44
"1288";10,9958333333333;51,2958333333333;0;652,050964355469;1,11666667461395;37
"1289";8,09583333333333;50,4208333333333;0;638,147644042969;5,38333320617676;44
"1290";12,2625;53,4541666666667;0;670,763244628906;3,98333334922791;36
"1291";7,7625;49,4125;0;635,786743164062;4,65000009536743;49
"1292";11,0875;49,8541666666667;0;668,697692871094;3,03333330154419;58
"1293";9,84583333333333;53,5625;0;612,23681640625;4,51666641235352;43
"1294";7,42916666666667;52,1208333333333;0;587,673095703125;5,34999990463257;43
"1295";13,6291666666667;52,3208333333333;0;692,721923828125;4,44999980926514;33
"1296";14,2041666666667;52,6541666666667;0;702,060119628906;4,58333349227905;29
"1297";9,07916666666667;49,7375;0;647,972351074219;11,4499998092651;65
"1298";7,37916666666667;50,1541666666667;0;621,976318359375;4,43333339691162;49
"1299";11,9041666666667;50,9291666666667;0;653,919860839844;1,21666669845581;37
"1300";7,59583333333333;50,6208333333333;0;615,217834472656;4,59999990463257;65
"1301";10,1125;49,4041666666667;0;674,420104980469;3,86666679382324;53
"1302";12,3041666666667;53,2791666666667;0;679,26708984375;3,85000014305115;35
"1303";11,8458333333333;49,3625;0;716,688537597656;3,46666669845581;51
"1304";8,47916666666667;51,2208333333333;0;597,022277832031;9,11666679382324;82
"1305";10,7208333333333;54,1458333333333;0;602,267822265625;3,59999990463257;41
"1306";12,8041666666667;53,9625;0;651,705200195312;3,43333339691162;36
"1307";12,5625;53,4875;0;674,666564941406;3,81666660308838;35
"1308";14,5041666666667;52,1791666666667;0;694,730590820312;4,28333330154419;33
"1309";13,2125;53,1125;0;678,13623046875;3,63333344459534;29
"1310";12,9458333333333;50,9125;0;698,453918457031;3,88333320617676;42
"1311";7,07916666666667;52,1041666666667;0;574,33935546875;5,28333330154419;47
"1312";7,92916666666667;51,0708333333333;0;600,703491210938;10,5500001907349;75
"1313";7,4125;50,9291666666667;0;587,202392578125;11,5166664123535;73
"1314";12,6958333333333;54,0958333333333;0;640,675537109375;3,5;34
"1315";9,27083333333333;51,6958333333333;0;616,701110839844;4,48333358764648;50
"1316";8,3125;54,8875;0;577,256286621094;3,91666674613953;39
"1317";12,0041666666667;51,7208333333333;0;667,858947753906;4,59999990463257;31
"1318";9,14583333333333;54,0375;0;592,500305175781;3,93333339691162;43
"1319";14,1375;52,6291666666667;0;696,896789550781;4,33333349227905;31
"1320";7,57916666666667;50,4541666666667;0;624,76220703125;5,36666679382324;52
"1321";13,3125;50,8958333333333;0;694,509155273438;2,98333334922791;51
"1322";9,59583333333333;52,5041666666667;0;612,212219238281;4,68333339691162;40
"1323";9,95416666666667;52,4958333333333;0;632,033142089844;4,78333330154419;42
"1324";10,2458333333333;51,4958333333333;0;634,763610839844;4,16666650772095;42
"1325";14,1375;51,3708333333333;0;684,534118652344;4,38333320617676;37
"1326";6,74583333333333;51,7041666666667;0;576,33642578125;5,76666688919067;50
"1327";6,79583333333333;50,2625;0;608,406372070312;10,5166664123535;63
"1328";8,0625;52,6458333333333;0;590,801147460938;5,13333320617676;47
"1329";12,4625;49,6625;0;687,764709472656;2,43333339691162;45
"1330";11,1208333333333;47,8208333333333;0;689,922424316406;1,08333337306976;55
"1331";8,37916666666667;50,3541666666667;0;637,667358398438;4,63333320617676;48
"1332";9,4875;53,3958333333333;0;608,002807617188;4,34999990463257;45
"1333";10,9541666666667;51,5375;0;646,303588867188;1,11666667461395;38
"1334";7,25416666666667;51,2708333333333;0;584,855590820312;8,28333282470703;76
"1335";9,2875;48,0791666666667;0;683,086242675781;0,449999958276749;47
"1336";11,1875;53,9541666666667;0;616,272216796875;4;37
"1337";13,2541666666667;48,4791666666667;0;722,381896972656;3,95000004768372;55
"1338";6,77083333333333;50,0625;0;610,526794433594;16,0499992370605;58
"1339";10,7708333333333;49,8041666666667;0;678,281005859375;3,96666669845581;47
"1340";7,62083333333333;52,8041666666667;0;579,186157226562;4,96666669845581;49
"1341";14,2291666666667;52,6291666666667;0;702,063354492188;4,51666688919067;29
"1342";13,5125;52,6208333333333;0;687,208190917969;4,44999980926514;35
"1343";10,3958333333333;48,9541666666667;0;690,899047851562;3,60000014305115;56
"1344";7,4625;51,7208333333333;0;585,965087890625;5,54999971389771;50
"1345";12,9375;54,4041666666667;0;628,946166992188;3,23333334922791;39
"1346";11,5625;52,7958333333333;0;660,443481445312;4,86666679382324;34
"1347";8,4125;51,5708333333333;0;587,843200683594;4,46666669845581;59
"1348";12,6958333333333;52,9791666666667;0;677,622863769531;4,13333320617676;32
"1349";7,94583333333333;49,7125;0;646,50048828125;2,45000004768372;38
"1350";9,22916666666667;52,1541666666667;0;609,699401855469;5,16666650772095;47
"1351";11,3458333333333;50,6875;0;668,650146484375;1,46666669845581;39
"1352";13,1458333333333;50,8458333333333;0;700,308776855469;3,68333315849304;44
"1353";9,72916666666667;48,9041666666667;0;662,966674804688;3,56666660308838;76
"1354";12,7125;48,6041666666667;0;730,738891601562;0,799999952316284;47
"1355";12,4708333333333;53,9791666666667;0;652,089294433594;3,5;33
"1356";7,59583333333333;51,2458333333333;0;586,999328613281;10,8000001907349;75
"1357";12,4541666666667;53,7125;0;662,090759277344;3,58333325386047;34
"1358";6,62916666666667;51,3291666666667;0;592,592407226562;6,51666688919067;49
"1359";7,82916666666667;52,2041666666667;0;582,30078125;4,84999990463257;47
"1360";13,6708333333333;50,9708333333333;0;694,422058105469;1,05000007152557;43
"1361";9,3125;48,0708333333333;0;685,218811035156;0,583333313465118;47
"1362";9,2375;50,3791666666667;0;652,604797363281;8,03333377838135;64
"1363";12,1291666666667;50,0875;0;678,119445800781;2,38333320617676;45
"1364";11,5125;52,6375;0;657,990478515625;4,86666679382324;34
"1365";7,42916666666667;49,2291666666667;0;616,7490234375;4,59999990463257;59
"1366";8,39583333333333;52,8041666666667;0;596,574035644531;4,66666650772095;44
"1367";13,0208333333333;50,7208333333333;0;694,584594726562;0,249999970197678;43
"1368";10,1208333333333;47,6125;0;640,906555175781;-0,36666664481163;107
"1369";10,2291666666667;53,7875;0;607,124389648438;3,93333339691162;49
"1370";10,1541666666667;49,0125;0;669,398742675781;3,58333325386047;56
"1371";10,1291666666667;54,3125;0;600,270141601562;4,03333330154419;42
"1372";11,4958333333333;48,7958333333333;0;725,485595703125;1,18333339691162;44
"1373";11,5125;50,8208333333333;0;663,18603515625;1,39999997615814;41
"1374";12,0125;49,5458333333333;0;705,115478515625;3,41666650772095;42
"1375";8,17916666666667;49,2041666666667;0;673,384704589844;6,03333330154419;44
"1376";7,45416666666667;51,3791666666667;0;588,00830078125;5,43333339691162;64
"1377";13,2958333333333;48,7708333333333;0;708,203552246094;3,16666674613953;57
"1378";9,19583333333333;49,7625;0;655,782409667969;5,15000009536743;52
"1379";13,4125;54,4208333333333;0;628,781311035156;3,20000004768372;33
"1380";11,1458333333333;53,3875;0;639,49365234375;4,26666688919067;38
"1381";11,2625;49,0541666666667;0;691,252014160156;3,26666665077209;57
"1382";10,4875;51,6708333333333;0;625,859436035156;9,76666641235352;75
"1383";8,35416666666667;52,0791666666667;0;586,121520996094;4,5;56
"1384";7,5625;50,1791666666667;0;622,154724121094;4,09999990463257;51
"1385";11,4208333333333;48,4041666666667;0;688,014709472656;0,783333241939545;46
"1386";10,2125;51,5958333333333;0;631,992248535156;4,44999980926514;39
"1387";8,14583333333333;49,6125;0;658,729248046875;2,76666665077209;43
"1388";10,6208333333333;50,8541666666667;0;651,967163085938;3,09999990463257;50
"1389";11,5625;48,3125;0;684,193176269531;1,18333339691162;45
"1390";12,1875;48,8791666666667;0;722,691711425781;4,01666688919067;40
"1391";11,9375;52,7791666666667;0;679,524658203125;5,18333339691162;31
"1392";13,8791666666667;53,1291666666667;0;682,465881347656;3,85000014305115;29
"1393";14,0958333333333;51,9375;0;681,48681640625;4,46666669845581;34
"1394";14,4375;52,0375;0;699,715698242188;4,28333330154419;34
"1395";7,72916666666667;50,9625;0;598,473266601562;10,9499998092651;74
"1396";11,6541666666667;47,8208333333333;0;675,561950683594;-0,466666668653488;70
"1397";10,2375;52,8208333333333;0;630,271728515625;7,90000009536743;51
"1398";8,5625;53,4375;0;581,448547363281;4,65000009536743;36
"1399";7,0125;51,8208333333333;0;579,817138671875;5,43333339691162;53
"1400";10,9208333333333;53,0208333333333;0;631,71484375;4;41
"1401";11,9125;49,0291666666667;0;719,624267578125;3,96666646003723;42
"1402";12,8458333333333;48,9041666666667;0;715,8857421875;3,35000014305115;56
"1403";10,2041666666667;48,4291666666667;0;690,666137695312;1,19999992847443;43
"1404";13,7375;48,5708333333333;0;710,679870605469;3;67
"1405";13,6291666666667;54,0458333333333;0;640,956298828125;3,36666655540466;34
"1406";12,1541666666667;48,8041666666667;0;719,939514160156;3,89999985694885;41
"1407";11,7125;50,2458333333333;0;670,530090332031;1,88333332538605;62
"1408";7,44583333333333;50,0708333333333;0;624,861633300781;3,96666669845581;51
"1409";7,9375;53,0125;0;584,658020019531;4,90000009536743;46
"1410";8,92916666666667;51,4625;0;605,147766113281;3,41666674613953;61
"1411";9,27916666666667;49,4375;0;669,465393066406;8,53333377838135;54
"1412";11,2875;52,6458333333333;0;646,952026367188;4,46666669845581;35
"1413";13,7041666666667;53,8375;0;658,848876953125;3,68333339691162;32
"1414";9,17916666666667;48,7625;0;658,163635253906;2,59999990463257;37
"1415";12,5375;52,1875;0;675,677551269531;4,23333358764648;37
"1416";7,60416666666667;49,9291666666667;0;621,861022949219;3,18333339691162;54
"1417";6,62083333333333;51,3208333333333;0;591,454772949219;6,48333358764648;49
"1418";8,32083333333333;48,7791666666667;0;639,009643554688;5,83333349227905;78
"1419";10,0625;52,1458333333333;0;617,299255371094;4,73333311080933;42
"1420";10,1208333333333;51,4125;0;634,172119140625;3,76666665077209;50
"1421";13,9541666666667;51,6958333333333;0;678,686340332031;4,13333320617676;34
"1422";8,39583333333333;51,2125;0;597,751342773438;8,51666641235352;89
"1423";9,54583333333333;50,8125;0;636,750732421875;3,81666660308838;47
"1424";8,1625;48,5291666666667;0;616,5888671875;15,283332824707;113
"1425";12,2208333333333;52,7291666666667;0;679,646057128906;5,13333320617676;29
"1426";12,0458333333333;52,8958333333333;0;673,269958496094;4,91666650772095;31
"1427";7,2125;49,4125;0;623,642028808594;15,6833333969116;62
"1428";11,0958333333333;47,6125;0;588,55029296875;-0,716666579246521;68
"1429";11,5625;51,7791666666667;0;652,384887695312;2;25
"1430";9,9625;47,9375;0;672,273803710938;0,400000005960464;61
"1431";13,3041666666667;51,5291666666667;0;715,134521484375;1,71666657924652;30
"1432";11,9708333333333;50,3541666666667;0;677,429382324219;2,44999980926514;50
"1433";10,4375;52,8375;0;622,583068847656;3,83333349227905;51
"1434";9,6625;54,3291666666667;0;603,187866210938;4,11666679382324;48
"1435";9,30416666666667;47,9041666666667;0;675,49462890625;0,300000041723251;54
"1436";8,25416666666667;51,2291666666667;0;592,646057128906;10,4333333969116;74
"1437";14,2208333333333;53,6875;0;665,067749023438;3,65000009536743;26
"1438";6,54583333333333;49,6375;0;619,794677734375;5,59999990463257;53
"1439";8,6625;52,4708333333333;0;601,187622070312;4,98333358764648;42
"1440";10,4791666666667;52,1791666666667;0;629,250854492188;4,75;36
"1441";11,9375;51,3291666666667;0;665,6044921875;2,45000004768372;27
"1442";12,1458333333333;52,2208333333333;0;672,907531738281;4,75;34
"1443";13,1625;52,8125;0;683,166076660156;4,11666679382324;31
"1444";8,9375;50,8041666666667;0;643,108581542969;4,56666660308838;41
"1445";10,9125;54,2291666666667;0;604,693786621094;3,88333320617676;40
"1446";14,9291666666667;51,3208333333333;0;691,912536621094;1,33333337306976;37
"1447";10,2541666666667;50,8458333333333;0;660,872192382812;3,98333334922791;43
"1448";12,6708333333333;48,1708333333333;0;708,804992675781;1,08333325386047;55
"1449";10,8041666666667;49,2458333333333;0;698,089782714844;1,38333332538605;46
"1450";8,32916666666667;47,9625;0;608,320434570312;10,3000001907349;85
"1451";10,1958333333333;50,5875;0;673,479614257812;2,96666669845581;57
"1452";11,1958333333333;48,0708333333333;0;676,166809082031;1,23333334922791;51
"1453";14,2375;53,0458333333333;0;693,581359863281;1,5;28
"1454";14,4708333333333;51,0291666666667;0;688,352233886719;3,18333315849304;37
"1455";9,94583333333333;52,5208333333333;0;635,130615234375;4,78333330154419;42
"1456";8,65416666666667;53,7958333333333;0;591,005004882812;4,56666660308838;41
"1457";9,7125;53,7291666666667;0;605,56884765625;4,36666679382324;45
"1458";9,84583333333333;52,8708333333333;0;637,812744140625;4,31666660308838;52
"1459";9,60416666666667;51,7625;0;603,137451171875;10,1833333969116;62
"1460";11,6958333333333;47,7375;0;632,674133300781;-0,399999976158142;70
"1461";12,7958333333333;48,3041666666667;0;711,95458984375;0,933333218097687;52
"1462";6,3125;51,7791666666667;0;564,02099609375;5,78333330154419;41
"1463";8,64583333333333;48,7208333333333;0;620,362182617188;11,9166669845581;91
"1464";9,22083333333333;49,1958333333333;0;663,948669433594;6,16666650772095;49
"1465";12,0458333333333;52,2125;0;672,809997558594;4,81666660308838;34
"1466";7,57083333333333;47,6125;0;660,4892578125;3,76666665077209;44
"1467";9,65416666666667;53,4375;0;613,406433105469;4,40000009536743;43
"1468";8,72083333333333;50,9541666666667;0;630,571411132812;4;46
"1469";10,1708333333333;51,3125;0;636,390625;2,98333334922791;61
"1470";11,9541666666667;51,7791666666667;0;664,218017578125;4,63333320617676;30
"1471";10,6041666666667;49,2291666666667;0;699,838073730469;4,15000009536743;52
"1472";13,2958333333333;53,2125;0;676,7607421875;3,55000019073486;29
"1473";12,8958333333333;50,9625;0;699,334533691406;4,13333320617676;38
"1474";12,0958333333333;48,7541666666667;0;712,62109375;3,83333325386047;43
"1475";11,7541666666667;51,7041666666667;0;656,787841796875;2,21666669845581;25
"1476";13,3375;51,0708333333333;0;704,030090332031;4,03333330154419;41
"1477";12,8041666666667;53,4791666666667;0;679,740783691406;3,43333339691162;35
"1478";7,79583333333333;49,0958333333333;0;621,195678710938;5,06666660308838;53
"1479";9,14583333333333;50,3375;0;645,813293457031;4,25;64
"1480";11,9875;49,0541666666667;0;715,612670898438;3,78333353996277;42
"1481";8,5125;49,9541666666667;0;655,034545898438;3,28333330154419;38
"1482";13,3625;51,0041666666667;0;699,331909179688;3,88333344459534;43
"1483";9,1875;50,6708333333333;0;634,710021972656;3,55000019073486;58
"1484";10,1541666666667;48,0708333333333;0;690,979064941406;0,999999940395355;43
"1485";11,7708333333333;48,4791666666667;0;697,425354003906;0,716666698455811;43
"1486";8,47916666666667;52,0958333333333;0;590,987060546875;4,88333320617676;55
"1487";10,4708333333333;49,9125;0;673,556823730469;3,81666660308838;51
"1488";7,02083333333333;51,0708333333333;0;592,726135253906;6,18333339691162;57
"1489";8,1375;51,2541666666667;0;586,228820800781;10,6000003814697;74
"1490";8,2375;48,4125;0;618,636047363281;12,3833332061768;107
"1491";10,1541666666667;48,3875;0;690,984130859375;1,15000009536743;43
"1492";9,6625;48,9958333333333;0;658,684814453125;12,7666664123535;78
"1493";7,69583333333333;52,6125;0;580,726440429688;5,08333349227905;51
"1494";9,75416666666667;51,4875;0;619,087036132812;3,51666665077209;54
"1495";7,5125;49,6125;0;629,943481445312;4,84999990463257;45
"1496";12,4708333333333;50,8625;0;688,791748046875;0,316666722297668;38
"1497";12,2458333333333;51,8375;0;679,142028808594;4,75;32
"1498";11,8041666666667;53,7708333333333;0;642,758605957031;4,01666641235352;35
"1499";8,9625;52,5125;0;609,201538085938;4,94999980926514;44
"1500";14,5208333333333;51,5291666666667;0;692,290222167969;4,44999980926514;37
"1501";7,5375;51,2708333333333;0;579,999328613281;7,78333330154419;73
"1502";6,54583333333333;50,2208333333333;0;604,225646972656;10,716667175293;66
"1503";12,0458333333333;53,5291666666667;0;660,906616210938;4,01666641235352;37
"1504";7,04583333333333;49,6125;0;616,087341308594;14,6499996185303;66
"1505";13,2708333333333;51,2875;0;726,287231445312;1,63333332538605;32
"1506";9,57083333333333;47,6958333333333;0;696,528564453125;2,20000004768372;57
"1507";6,92083333333333;51,2958333333333;0;581,871826171875;5,63333320617676;62
"1508";7,94583333333333;50,5541666666667;0;626,547058105469;11,2666664123535;62
"1509";10,0041666666667;48,4708333333333;0;687,41650390625;0,683333396911621;50
"1510";13,1708333333333;53,4958333333333;0;666,532592773438;3,48333334922791;26
"1511";11,9458333333333;53,3291666666667;0;664,151733398438;4,26666641235352;41
"1512";9,44583333333333;52,1625;0;603,110656738281;4,75;47
"1513";10,4458333333333;50,5041666666667;0;675,231018066406;3,66666674613953;43
"1514";13,5125;51,2541666666667;0;707,553833007812;1,68333327770233;34
"1515";7,8125;52,1208333333333;0;583,139343261719;5,16666650772095;45
"1516";10,0958333333333;49,6541666666667;0;670,689392089844;2,04999995231628;42
"1517";6,0875;50,8125;0;568,430847167969;5,68333339691162;57
"1518";7,3125;51,2458333333333;0;580,366088867188;11,3999996185303;75
"1519";13,2458333333333;52,8375;0;685,921203613281;4,05000019073486;31
"1520";7,25416666666667;50,1541666666667;0;616,87060546875;4,81666660308838;47
"1521";13,4875;51,0125;0;698,078002929688;3,90000009536743;42
"1522";11,5291666666667;51,4375;0;652,597351074219;1,75;30
"1523";9,9625;50,6208333333333;0;662,637512207031;10,8500003814697;63
"1524";14,3541666666667;52,4875;0;706,886474609375;4,31666660308838;29
"1525";13,7458333333333;51,1208333333333;0;695,004333496094;1,91666650772095;36
"1526";11,4625;49,2875;0;709,460266113281;3,83333325386047;57
"1527";13,4708333333333;51,6875;0;686,569641113281;4,26666641235352;32
"1528";11,2791666666667;53,1625;0;647,577514648438;4,65000009536743;35
"1529";12,6541666666667;47,7458333333333;0;681,457214355469;0,649999976158142;80
"1530";13,6458333333333;52,5041666666667;0;692,615112304688;4,41666650772095;34
"1531";10,3958333333333;49,3875;0;691,120483398438;3,81666684150696;55
"1532";7,9375;50,6875;0;620,091003417969;10,9666662216187;63
"1533";6,92083333333333;51,9875;0;576,399963378906;5,46666669845581;49
"1534";9,2125;51,0958333333333;0;627,561401367188;3,65000009536743;46
"1535";9,47916666666667;49,3875;0;667,755737304688;4,46666669845581;54
"1536";12,4875;54,0041666666667;0;651,314514160156;3,48333334922791;34
"1537";10,5041666666667;52,3875;0;622,415100097656;4,46666669845581;38
"1538";7,3125;50,1708333333333;0;617,923400878906;5,16666650772095;41
"1539";12,6291666666667;52,6208333333333;0;682,037231445312;4,53333330154419;33
"1540";8,1625;51,8541666666667;0;589,279724121094;5,19999980926514;40
"1541";8,7625;50,6875;0;642,908874511719;4,43333339691162;47
"1542";7,02916666666667;49,9708333333333;0;621,609008789062;5,65000009536743;50
"1543";8,05416666666667;49,4041666666667;0;629,510375976562;4,15000009536743;60
"1544";10,2625;50,6375;0;665,805908203125;3,26666665077209;51
"1545";10,9958333333333;50,9208333333333;0;668,230773925781;0,433333396911621;26
"1546";11,6041666666667;53,6791666666667;0;646,123046875;4,21666669845581;35
"1547";12,0125;54,0208333333333;0;643,888977050781;3,81666660308838;32
"1548";12,5291666666667;53,9708333333333;0;651,035766601562;3,46666669845581;34
"1549";7,17083333333333;50,2041666666667;0;621,095520019531;4;58
"1550";7,79583333333333;52,4541666666667;0;587,047729492188;5,11666679382324;48
"1551";9,04583333333333;52,2708333333333;0;613,190246582031;5,33333301544189;48
"1552";14,1875;53,3208333333333;0;687,906799316406;3,71666669845581;26
"1553";10,1958333333333;49,5541666666667;0;666,218811035156;1,68333339691162;43
"1554";12,1791666666667;48,5708333333333;0;722,482543945312;1,31666672229767;44
"1555";12,8958333333333;52,4041666666667;0;689,697998046875;4,58333349227905;34
"1556";14,6458333333333;51,3291666666667;0;681,877319335938;4,44999980926514;40
"1557";9,6625;51,9458333333333;0;609,740356445312;3,60000014305115;60
"1558";12,2791666666667;52,7375;0;681,456787109375;5,01666688919067;28
"1559";10,5375;50,0291666666667;0;679,991516113281;4,51666688919067;39
"1560";10,7791666666667;48,0208333333333;0;679,913513183594;0,616666615009308;54
"1561";6,82916666666667;49,2625;0;635,975769042969;5,68333339691162;59
"1562";11,0375;48,1708333333333;0;679,317260742188;0,800000011920929;50
"1563";8,65416666666667;49,5458333333333;0;663,592590332031;3,68333339691162;48
"1564";14,5708333333333;52,0625;0;697,253845214844;4,15000009536743;34
"1565";9,52916666666667;48,4708333333333;0;659,53955078125;-0,549999952316284;68
"1566";9,45416666666667;47,7291666666667;0;690,294189453125;2,03333330154419;51
"1567";11,1791666666667;53,9291666666667;0;619,82568359375;4,03333330154419;36
"1568";7,59583333333333;49,3708333333333;0;624,262573242188;4,28333330154419;56
"1569";11,3958333333333;52,6208333333333;0;653,239562988281;4,73333358764648;33
"1570";10,7958333333333;53,2208333333333;0;626,141967773438;3,96666669845581;44
"1571";10,4708333333333;53,5625;0;614,440368652344;3,98333334922791;46
"1572";14,0458333333333;53,6958333333333;0;662,015258789062;3,71666669845581;27
"1573";9,0625;53,4041666666667;0;590,044311523438;4,38333368301392;42
"1574";12,5208333333333;51,7541666666667;0;680,893310546875;4,40000009536743;34
"1575";11,8708333333333;48,6208333333333;0;710,128051757812;-0,616666615009308;45
"1576";7,12916666666667;50,4708333333333;0;597,786926269531;3,56666660308838;64
"1577";7,50416666666667;52,3958333333333;0;588,285095214844;5,34999990463257;42
"1578";12,6708333333333;53,4791666666667;0;676,468078613281;3,61666679382324;36
"1579";8,32083333333333;51,7208333333333;0;589,534973144531;5,25;47
"1580";10,5291666666667;48,7541666666667;0;687,354797363281;0,783333361148834;50
"1581";12,1625;52,2458333333333;0;676,761840820312;4,80000019073486;33
"1582";8,97916666666667;53,3541666666667;0;589,878479003906;4,38333320617676;41
"1583";12,8791666666667;49,2458333333333;0;679,124206542969;1,86666667461395;55
"1584";8,9375;50,2125;0;665,795654296875;5,69999980926514;45
"1585";13,2625;48,5208333333333;0;722,509704589844;3,81666660308838;56
"1586";11,6208333333333;52,7875;0;665,176452636719;4,95000028610229;34
"1587";13,6291666666667;52,9625;0;674,692260742188;3,83333325386047;32
"1588";12,1708333333333;49,5291666666667;0;704,287048339844;3,46666669845581;41
"1589";6,7625;50,3708333333333;0;603,641723632812;11,1833333969116;59
"1590";8,89583333333333;54,8625;0;575,830749511719;3,70000004768372;42
"1591";11,3375;47,7625;0;684,634826660156;1,13333332538605;57
"1592";8,02916666666667;49,1708333333333;0;648,386535644531;5,53333330154419;47
"1593";13,1125;54,0125;0;647,769348144531;3,38333320617676;37
"1594";9,94583333333333;50,5291666666667;0;666,032470703125;10,75;64
"1595";10,2958333333333;52,4291666666667;0;630,66748046875;4,71666669845581;40
"1596";7,37083333333333;49,1875;0;626,5869140625;5,11666679382324;55
"1597";14,2958333333333;53,5541666666667;0;668,214904785156;1,04999995231628;27
"1598";10,3625;52,6875;0;629,5771484375;4,23333358764648;48
"1599";12,2875;47,7625;0;638,767028808594;-0,333333313465118;72
"1600";9,1125;50,0458333333333;0;650,84326171875;8,25;63
"1601";10,4041666666667;53,6458333333333;0;608,268188476562;4,06666660308838;46
"1602";9,02916666666667;47,6958333333333;0;682,297119140625;2,35000014305115;48
"1603";10,6791666666667;49,0458333333333;0;693,431701660156;1,03333330154419;50
"1604";9,12083333333333;49,5958333333333;0;652,142761230469;15,6500005722046;63
"1605";6,5125;50,5208333333333;0;583,138061523438;10,4000005722046;67
"1606";8,47083333333333;50,2958333333333;0;636,135803222656;3,90000009536743;58
"1607";9,15416666666667;49,7458333333333;0;649,8232421875;8,60000038146973;57
"1608";13,2541666666667;51,4125;0;722,351379394531;1,69999992847443;30
"1609";11,9458333333333;51,1875;0;668,098876953125;2,20000004768372;29
"1610";10,3958333333333;49,7458333333333;0;673,932922363281;3,68333339691162;54
"1611";8,5375;51,7625;0;595,187133789062;5,21666669845581;55
"1612";7,45416666666667;53,1375;0;574,279541015625;4,78333330154419;45
"1613";8,29583333333333;50,2208333333333;0;642,218566894531;4,45000028610229;52
"1614";8,44583333333333;47,7875;0;667,166687011719;3,25;64
"1615";9,7625;52,8125;0;640,049682617188;4,48333311080933;49
"1616";11,3291666666667;53,5791666666667;0;644,730834960938;4,19999980926514;38
"1617";9,34583333333333;54,1291666666667;0;593,623168945312;4,03333330154419;44
"1618";11,5958333333333;49,7625;0;684,224304199219;2,86666655540466;62
"1619";8,45416666666667;50,4791666666667;0;643,880249023438;4,80000019073486;45
"1620";8,4125;49,4375;0;674,901794433594;3,61666655540466;41
"1621";13,6458333333333;48,8625;0;659,121337890625;5,13333320617676;74
"1622";12,9875;52,8291666666667;0;680,93896484375;4,08333349227905;29
"1623";14,3875;52,2125;0;697,21630859375;4,40000009536743;30
"1624";6,89583333333333;50,3041666666667;0;608,172119140625;10,466667175293;62
"1625";9,05416666666667;48,9791666666667;0;647,874572753906;2,95000004768372;45
"1626";9,8125;51,2375;0;623,091491699219;3,59999990463257;52
"1627";12,9041666666667;48,8958333333333;0;708,485778808594;3,14999985694885;59
"1628";10,4791666666667;53,6125;0;610,179260253906;3,89999985694885;47
"1629";8,74583333333333;51,0458333333333;0;626,353088378906;3,63333344459534;47
"1630";11,2125;47,6541666666667;0;686,695434570312;-0,400000005960464;61
"1631";9,22916666666667;49,2958333333333;0;665,338256835938;5,16666650772095;54
"1632";13,4291666666667;51,9041666666667;0;696,05419921875;4,26666688919067;31
"1633";8,42916666666667;48,5875;0;618,521423339844;14,4333333969116;112
"1634";7,92083333333333;51,9458333333333;0;585,9833984375;5,28333330154419;41
"1635";9,32916666666667;50,2208333333333;0;651,748840332031;8,21666717529297;58
"1636";8,02916666666667;53,3875;0;570,989807128906;4,56666660308838;44
"1637";14,2708333333333;53,1458333333333;0;687,744995117188;1,26666665077209;27
"1638";11,3291666666667;48,2791666666667;0;685,419616699219;1,01666665077209;48
"1639";13,1708333333333;48,4541666666667;0;717,188720703125;3,89999985694885;55
"1640";11,3458333333333;52,2625;0;646,315185546875;4,38333320617676;33
"1641";7,79583333333333;50,5125;0;621,382263183594;11,4166669845581;65
"1642";10,4708333333333;54,1791666666667;0;599,515441894531;3,81666684150696;42
"1643";13,4875;51,3625;0;705,26416015625;1,76666676998138;32
"1644";12,4208333333333;49,4875;0;698,343811035156;2,86666679382324;45
"1645";9,8375;48,5875;0;666,358703613281;0,38333335518837;64
"1646";11,6208333333333;51,9041666666667;0;655,851745605469;2,01666665077209;26
"1647";6,47083333333333;50,3458333333333;0;592,20361328125;9,48333358764648;73
"1648";12,2791666666667;52,0375;0;681,558471679688;4,46666669845581;35
"1649";10,7375;52,1458333333333;0;628,705261230469;4,30000019073486;35
"1650";8,62083333333333;50,9208333333333;0;625,539184570312;3,81666660308838;53
"1651";9,2625;48,9875;0;647,801635742188;2,79999995231628;49
"1652";8,74583333333333;49,9958333333333;0;657,3447265625;5,58333349227905;49
"1653";11,0291666666667;51,4041666666667;0;647,583374023438;1,51666665077209;34
"1654";10,0541666666667;53,0125;0;636,535400390625;4,33333349227905;50
"1655";7,22916666666667;49,3458333333333;0;634,716613769531;16,6000003814697;59
"1656";11,6958333333333;50,5375;0;663,58642578125;2,78333330154419;50
"1657";10,0291666666667;53,7125;0;608,546936035156;4,28333330154419;46
"1658";13,1458333333333;52,4791666666667;0;685,774291992188;4,61666679382324;34
"1659";11,6708333333333;48,3125;0;695,217834472656;1,16666674613953;43
"1660";10,8291666666667;49,2041666666667;0;689,509460449219;1,39999997615814;44
"1661";9,5125;50,4375;0;653,570068359375;11,1333332061768;61
"1662";7,92083333333333;50,2458333333333;0;627,739318847656;3,91666650772095;57
"1663";8,89583333333333;51,1541666666667;0;625,185424804688;3,61666679382324;48
"1664";7,1875;49,1458333333333;0;630,450805664062;5,05000019073486;58
"1665";9,37083333333333;54,7708333333333;0;586,458923339844;3,51666665077209;48
"1666";11,8375;50,1041666666667;0;665,146789550781;5,61666679382324;69
"1667";11,2625;53,3375;0;646,494445800781;4,5;36
"1668";10,6958333333333;52,8625;0;633,950317382812;4,18333339691162;42
"1669";10,6791666666667;48,5291666666667;0;692,263916015625;1,06666660308838;45
"1670";12,9291666666667;50,8041666666667;0;708,914428710938;0,949999988079071;39
"1671";11,6041666666667;48,3375;0;687,013732910156;1,01666665077209;44
"1672";8,52083333333333;52,2208333333333;0;596,914245605469;5,01666641235352;49
"1673";13,4375;51,8791666666667;0;694,83154296875;4,36666679382324;32
"1674";12,6875;51,9958333333333;0;692,163391113281;3,88333344459534;37
"1675";12,3041666666667;51,3958333333333;0;684,883728027344;2,01666665077209;29
"1676";14,2125;51,2041666666667;0;689,915466308594;4,11666679382324;37
"1677";12,9958333333333;52,7208333333333;0;684,628173828125;4,13333320617676;31
"1678";12,1125;53,9375;0;648,415283203125;3,96666669845581;31
"1679";9,84583333333333;48,7708333333333;0;658,263732910156;4,34999990463257;67
"1680";11,6041666666667;49,9958333333333;0;686,497863769531;3,73333334922791;47
"1681";14,6958333333333;51,4625;0;697,377685546875;4,33333349227905;38
"1682";10,9541666666667;50,7291666666667;0;657,001220703125;0,533333301544189;50
"1683";13,4125;52,1375;0;684,74560546875;4,34999990463257;31
"1684";13,4875;52,9958333333333;0;676,276977539062;3,95000004768372;32
"1685";9,92083333333333;49,1791666666667;0;676,801025390625;3,93333339691162;62
"1686";8,60416666666667;50,5291666666667;0;650,558654785156;5,06666660308838;42
"1687";9,8875;48,7458333333333;0;659,853637695312;0,233333304524422;75
"1688";10,5208333333333;48,9375;0;697,58349609375;1,26666665077209;48
"1689";10,3375;53,2625;0;625,028503417969;4,31666660308838;40
"1690";9,07916666666667;48,2125;0;647,158569335938;-0,616666734218597;69
"1691";10,6458333333333;53,5458333333333;0;621,239440917969;4,13333320617676;46
"1692";14,7791666666667;51,4458333333333;0;688,538757324219;4,26666688919067;40
"1693";8,6125;53,2625;0;587,008361816406;4,55000019073486;37
"1694";8,95416666666667;48,9041666666667;0;653,349182128906;2,71666669845581;44
"1695";7,27916666666667;49,5625;0;631,320617675781;14,9166669845581;65
"1696";9,5125;51,3291666666667;0;643,306274414062;4,88333320617676;39
"1697";6,52916666666667;49,5375;0;622,830200195312;4,69999980926514;58
"1698";10,8708333333333;52,9541666666667;0;636,6083984375;4,08333349227905;40
"1699";11,0208333333333;47,5958333333333;0;599,20068359375;-0,833333373069763;64
"1700";11,5458333333333;50,3291666666667;0;669,931579589844;2,51666665077209;57
"1701";10,1708333333333;48,2125;0;692,748168945312;1,04999995231628;42
"1702";6,8125;49,5125;0;618,460205078125;15,8166666030884;65
"1703";7,9625;48,5541666666667;0;657,1787109375;3,54999995231628;56
"1704";11,9875;47,7791666666667;0;688,732238769531;-0,166666701436043;70
"1705";8,65416666666667;53,3541666666667;0;584,376586914062;4,51666688919067;37
"1706";9,55416666666667;51,7791666666667;0;604,48828125;10,1166667938232;66
"1707";12,9041666666667;53,6291666666667;0;670,497924804688;3,46666669845581;32
"1708";12,9041666666667;51,8625;0;709,69091796875;4,63333320617676;33
"1709";12,0291666666667;50,4541666666667;0;672,149963378906;3,04999995231628;42
"1710";9,42916666666667;51,8541666666667;0;607,773376464844;4,05000019073486;58
"1711";9,22916666666667;53,2541666666667;0;597,738647460938;4,38333320617676;44
"1712";12,9791666666667;49,2625;0;694,851623535156;2,34999990463257;50
"1713";6,32916666666667;51,7375;0;566,86669921875;5,80000019073486;42
"1714";8,77916666666667;51,6291666666667;0;596,741149902344;4,26666688919067;65
"1715";8,00416666666667;51,6041666666667;0;581,613952636719;5,18333339691162;41
"1716";7,22916666666667;52,5875;0;573,410217285156;5,26666641235352;46
"1717";13,5708333333333;52,5708333333333;0;694,886657714844;4,41666650772095;34
"1718";13,0291666666667;53,9958333333333;0;644,237121582031;3,43333339691162;37
"1719";8,02083333333333;51,5541666666667;0;582,311706542969;4,94999980926514;47
"1720";10,4791666666667;48,1458333333333;0;684,133361816406;0,950000047683716;55
"1721";11,8208333333333;53,2291666666667;0;663,612670898438;4,55000019073486;39
"1722";13,1125;54,2208333333333;0;634,034118652344;3,28333330154419;44
"1723";11,7125;52,3791666666667;0;668,719909667969;4,90000009536743;34
"1724";10,1791666666667;48,4458333333333;0;688,774719238281;1,28333330154419;43
"1725";7,9875;49,5458333333333;0;645,045227050781;2,59999990463257;43
"1726";10,7208333333333;48,4958333333333;0;684,240905761719;0,966666698455811;46
"1727";7,25416666666667;53,4208333333333;0;569,235778808594;4,69999980926514;42
"1728";11,9208333333333;48,7541666666667;0;720,521667480469;4,01666641235352;41
"1729";10,7875;48,1125;0;681,467224121094;0,750000059604645;52
"1730";12,9958333333333;54,2041666666667;0;632,615417480469;3,25;42
"1731";10,5041666666667;52,7375;0;625,272644042969;3,90000009536743;48
"1732";8,0125;49,2375;0;636,288391113281;5,09999990463257;50
"1733";9,9875;52,1208333333333;0;613,869995117188;4,84999990463257;41
"1734";10,7291666666667;51,6458333333333;0;629,711791992188;9,33333301544189;72
"1735";11,1291666666667;48,1375;0;679,810607910156;0,883333325386047;51
"1736";8,30416666666667;53,5458333333333;0;571,932373046875;4,55000019073486;40
"1737";14,0791666666667;52,7041666666667;0;688,688232421875;4,09999990463257;33
"1738";12,2791666666667;52,3041666666667;0;676,320678710938;4,88333320617676;33
"1739";7,09583333333333;49,5291666666667;0;619,767028808594;14,8999996185303;66
"1740";7,47083333333333;50,0875;0;625,163024902344;4;49
"1741";8,89583333333333;50,3791666666667;0;652,093933105469;5,45000028610229;42
"1742";9,3375;49,7791666666667;0;654,35302734375;8,86666679382324;51
"1743";9,07083333333333;50,4041666666667;0;645,075744628906;4,59999990463257;60
"1744";8,45416666666667;50,6958333333333;0;636,229858398438;4,18333339691162;53
"1745";10,5791666666667;54,3291666666667;0;592,898620605469;3,70000004768372;41
"1746";11,2958333333333;51,2125;0;659,24658203125;1,89999997615814;31
"1747";9,92083333333333;48,0958333333333;0;681,439392089844;0,683333277702332;46
"1748";8,97916666666667;51,0375;0;631,704467773438;3,25;54
"1749";13,8291666666667;50,7541666666667;0;706,4072265625;-2,21666669845581;46
"1750";11,9208333333333;48,1541666666667;0;689,112854003906;-0,0499999523162842;52
"1751";6,2375;49,9458333333333;0;608,630493164062;4,66666650772095;58
"1752";8,67916666666667;53,5291666666667;0;587,313293457031;4,63333320617676;36
"1753";12,4458333333333;49,5041666666667;0;693,326843261719;2,53333330154419;48
"1754";9,3125;50,7375;0;637,684448242188;3,81666684150696;48
"1755";8,9375;50,3041666666667;0;656,749328613281;5,31666660308838;48
"1756";10,4958333333333;50,5208333333333;0;672,746948242188;3,19999980926514;52
"1757";12,6208333333333;50,5625;0;668,587829589844;-0,26666659116745;49
"1758";7,55416666666667;51,5208333333333;0;596,895385742188;5,46666669845581;56
"1759";10,4958333333333;52,7208333333333;0;623,994201660156;3,93333339691162;47
"1760";10,2041666666667;49,5625;0;664,820556640625;1,70000004768372;43
"1761";8,34583333333333;48,7458333333333;0;630,864624023438;5,63333320617676;80
"1762";12,1875;49,5291666666667;0;700,74462890625;3,33333325386047;41
"1763";6,7375;49,5291666666667;0;616,267456054688;15,6833333969116;65
"1764";12,5291666666667;51,6791666666667;0;677,650817871094;4,23333311080933;36
"1765";12,2458333333333;52,3208333333333;0;676,60693359375;4,94999980926514;32
"1766";13,2041666666667;53,5958333333333;0;666,385986328125;3,59999990463257;27
"1767";10,7125;52,1708333333333;0;626,576049804688;4,21666669845581;37
"1768";8,0875;51,9375;0;589,061096191406;5,33333349227905;41
"1769";10,0958333333333;49,5708333333333;0;666,102416992188;1,85000002384186;44
"1770";6,77916666666667;50,1458333333333;0;613,293884277344;14,9499998092651;61
"1771";11,3041666666667;51,9958333333333;0;650,497497558594;1,96666657924652;25
"1772";13,5041666666667;53,8375;0;652,658325195312;3,73333334922791;29
"1773";8,5375;48,0375;0;665,92724609375;2,53333353996277;55
"1774";6,24583333333333;51,6291666666667;0;568,0322265625;5,84999990463257;41
"1775";11,4125;48,7375;0;729,500122070312;1,28333330154419;43
"1776";7,22916666666667;51,0291666666667;0;579,961303710938;4,65000009536743;70
"1777";6,24583333333333;51,4125;0;575,108032226562;5,93333339691162;45
"1778";12,2125;49,5875;0;696,464538574219;3,33333349227905;39
